id,name,yomi,prefecture_code
M00001,札幌市,さっぽろし,01
M00002,函館市,はこだてし,01
M00003,小樽市,おたるし,01
M00004,旭川市,あさひかわし,01
M00005,室蘭市,むろらんし,01
M00006,釧路市,くしろし,01
M00007,帯広市,おびひろし,01
M00008,北見市,きたみし,01
M00009,夕張市,ゆうばりし,01
M00010,岩見沢市,いわみざわし,01
M00011,網走市,あばしりし,01
M00012,留萌市,るもいし,01
M00013,苫小牧市,とまこまいし,01
M00014,稚内市,わっかないし,01
M00015,美唄市,びばいし,01
M00016,芦別市,あしべつし,01
M00017,江別市,えべつし,01
M00018,赤平市,あかびらし,01
M00019,紋別市,もんべつし,01
M00020,士別市,しべつし,01
M00021,名寄市,なよろし,01
M00022,三笠市,みかさし,01
M00023,根室市,ねむろし,01
M00024,千歳市,ちとせし,01
M00025,滝川市,たきかわし,01
M00026,砂川市,すながわし,01
M00027,歌志内市,うたしないし,01
M00028,深川市,ふかがわし,01
M00029,富良野市,ふらのし,01
M00030,登別市,のぼりべつし,01
M00031,恵庭市,えにわし,01
M00032,亀田市,かめだし,01
M00033,伊達市,だてし,01
M00034,北広島市,きたひろしまし,01
M00035,石狩市,いしかりし,01
M00036,北斗市,ほくとし,01
M00039,当別町,とうべつちょう,01
M00040,新篠津村,しんしのつむら,01
M00041,厚田村,あつたむら,01
M00042,浜益村,はまますむら,01
M00044,松前町,まつまえちょう,01
M00045,福島町,ふくしまちょう,01
M00046,知内町,しりうちちょう,01
M00047,木古内町,きこないちょう,01
M00048,上磯町,かみいそちょう,01
M00049,大野町,おおのちょう,01
M00050,七飯町,ななえちょう,01
M00052,戸井町,といちょう,01
M00054,恵山町,えさんちょう,01
M00055,椴法華村,とどほっけむら,01
M00056,南茅部町,みなみかやべちょう,01
M00058,鹿部町,しかべちょう,01
M00060,砂原町,さわらちょう,01
M00061,森町,もりまち,01
M00062,八雲町,やくもちょう,01
M00063,長万部町,おしゃまんべちょう,01
M00064,江差町,えさしちょう,01
M00065,上ノ国町,かみのくにちょう,01
M00066,厚沢部町,あっさぶちょう,01
M00067,乙部町,おとべちょう,01
M00068,熊石町,くまいしちょう,01
M00069,大成町,たいせいちょう,01
M00070,奥尻町,おくしりちょう,01
M00071,瀬棚町,せたなちょう,01
M00072,北檜山町,きたひやまちょう,01
M00073,今金町,いまかねちょう,01
M00074,せたな町,せたなちょう,01
M00075,島牧村,しままきむら,01
M00076,寿都町,すっつちょう,01
M00077,黒松内町,くろまつないちょう,01
M00078,蘭越町,らんこしちょう,01
M00079,ニセコ町,にせこちょう,01
M00080,真狩村,まっかりむら,01
M00081,留寿都村,るすつむら,01
M00082,喜茂別町,きもべつちょう,01
M00083,京極町,きょうごくちょう,01
M00084,倶知安町,くっちゃんちょう,01
M00086,共和町,きょうわちょう,01
M00087,岩内町,いわないちょう,01
M00088,泊村,とまりむら,01
M00089,神恵内村,かもえないむら,01
M00090,積丹町,しゃこたんちょう,01
M00091,古平町,ふるびらちょう,01
M00092,仁木町,にきちょう,01
M00093,余市町,よいちちょう,01
M00094,赤井川村,あかいがわむら,01
M00095,北村,きたむら,01
M00096,栗沢町,くりさわちょう,01
M00097,南幌町,なんぽろちょう,01
M00098,奈井江町,ないえちょう,01
M00099,上砂川町,かみすながわちょう,01
M00100,江部乙町,えべおつちょう,01
M00101,由仁町,ゆにちょう,01
M00102,長沼町,ながぬまちょう,01
M00103,栗山町,くりやまちょう,01
M00104,月形町,つきがたちょう,01
M00105,浦臼町,うらうすちょう,01
M00106,新十津川町,しんとつかわちょう,01
M00107,妹背牛町,もせうしちょう,01
M00108,秩父別町,ちっぷべつちょう,01
M00109,雨竜町,うりゅうちょう,01
M00110,北竜町,ほくりゅうちょう,01
M00111,沼田町,ぬまたちょう,01
M00112,幌加内町,ほろかないちょう,01
M00113,東鷹栖町,ひがしたかすちょう,01
M00114,鷹栖町,たかすちょう,01
M00115,東神楽町,ひがしかぐらちょう,01
M00116,当麻町,とうまちょう,01
M00117,比布町,ぴっぷちょう,01
M00118,愛別町,あいべつちょう,01
M00119,上川町,かみかわちょう,01
M00120,東川町,ひがしかわちょう,01
M00121,美瑛町,びえいちょう,01
M00122,上富良野町,かみふらのちょう,01
M00123,中富良野町,なかふらのちょう,01
M00124,南富良野町,みなみふらのちょう,01
M00125,占冠村,しむかっぷむら,01
M00126,和寒町,わっさむちょう,01
M00127,剣淵町,けんぶちちょう,01
M00128,朝日町,あさひちょう,01
M00129,風連町,ふうれんちょう,01
M00130,下川町,しもかわちょう,01
M00131,美深町,びふかちょう,01
M00132,音威子府村,おといねっぷむら,01
M00133,中川町,なかがわちょう,01
M00134,増毛町,ましけちょう,01
M00135,小平町,おびらちょう,01
M00136,苫前町,とままえちょう,01
M00137,羽幌町,はぼろちょう,01
M00138,初山別村,しょさんべつむら,01
M00139,遠別町,えんべつちょう,01
M00140,天塩町,てしおちょう,01
M00141,幌延町,ほろのべちょう,01
M00142,猿払村,さるふつむら,01
M00143,浜頓別町,はまとんべつちょう,01
M00144,中頓別町,なかとんべつちょう,01
M00145,枝幸町,えさしちょう,01
M00146,歌登町,うたのぼりちょう,01
M00147,豊富町,とよとみちょう,01
M00148,礼文町,れぶんちょう,01
M00149,利尻町,りしりちょう,01
M00150,利尻富士町,りしりふじちょう,01
M00152,東藻琴村,ひがしもことむら,01
M00153,女満別町,めまんべつちょう,01
M00154,美幌町,びほろちょう,01
M00155,津別町,つべつちょう,01
M00156,斜里町,しゃりちょう,01
M00157,清里町,きよさとちょう,01
M00158,小清水町,こしみずちょう,01
M00159,端野町,たんのちょう,01
M00160,訓子府町,くんねっぷちょう,01
M00161,置戸町,おけとちょう,01
M00162,留辺蘂町,るべしべちょう,01
M00163,佐呂間町,さろまちょう,01
M00164,常呂町,ところちょう,01
M00165,生田原町,いくたはらちょう,01
M00166,遠軽町,えんがるちょう,01
M00167,丸瀬布町,まるせっぷちょう,01
M00168,白滝村,しらたきむら,01
M00169,上湧別町,かみゆうべつちょう,01
M00170,湧別町,ゆうべつちょう,01
M00171,滝上町,たきのうえちょう,01
M00172,興部町,おこっぺちょう,01
M00173,西興部村,にしおこっぺむら,01
M00174,雄武町,おうむちょう,01
M00175,大空町,おおぞらちょう,01
M00176,豊浦町,とようらちょう,01
M00177,虻田町,あぶたちょう,01
M00178,洞爺村,とうやむら,01
M00179,大滝村,おおたきむら,01
M00180,壮瞥町,そうべつちょう,01
M00183,白老町,しらおいちょう,01
M00184,早来町,はやきたちょう,01
M00185,追分町,おいわけちょう,01
M00186,厚真町,あつまちょう,01
M00187,鵡川町,むかわちょう,01
M00188,穂別町,ほべつちょう,01
M00189,洞爺湖町,とうやこちょう,01
M00190,安平町,あびらちょう,01
M00191,むかわ町,むかわちょう,01
M00192,日高町,ひだかちょう,01
M00193,平取町,びらとりちょう,01
M00194,門別町,もんべつちょう,01
M00195,新冠町,にいかっぷちょう,01
M00196,静内町,しずないちょう,01
M00197,三石町,みついしちょう,01
M00198,浦河町,うらかわちょう,01
M00199,様似町,さまにちょう,01
M00200,えりも町,えりもちょう,01
M00202,新ひだか町,しんひだかちょう,01
M00203,音更町,おとふけちょう,01
M00204,士幌町,しほろちょう,01
M00205,上士幌町,かみしほろちょう,01
M00206,鹿追町,しかおいちょう,01
M00207,新得町,しんとくちょう,01
M00208,清水町,しみずちょう,01
M00209,芽室町,めむろちょう,01
M00210,中札内村,なかさつないむら,01
M00211,更別村,さらべつむら,01
M00212,忠類村,ちゅうるいむら,01
M00213,大樹町,たいきちょう,01
M00214,広尾町,ひろおちょう,01
M00215,幕別町,まくべつちょう,01
M00216,池田町,いけだちょう,01
M00217,豊頃町,とよころちょう,01
M00218,本別町,ほんべつちょう,01
M00219,足寄町,あしょろちょう,01
M00220,陸別町,りくべつちょう,01
M00221,浦幌町,うらほろちょう,01
M00223,釧路町,くしろちょう,01
M00224,厚岸町,あっけしちょう,01
M00225,浜中町,はまなかちょう,01
M00226,標茶町,しべちゃちょう,01
M00227,弟子屈町,てしかがちょう,01
M00228,阿寒町,あかんちょう,01
M00229,鶴居村,つるいむら,01
M00230,白糠町,しらぬかちょう,01
M00231,音別町,おんべつちょう,01
M00233,別海町,べつかいちょう,01
M00234,中標津町,なかしべつちょう,01
M00235,標津町,しべつちょう,01
M00236,羅臼町,らうすちょう,01
M00237,色丹村,しこたんむら,01
M00238,泊村,とまりむら,01
M00239,留夜別村,るやべつむら,01
M00240,留別村,るべつむら,01
M00241,紗那村,しゃなむら,01
M00242,蘂取村,しべとろむら,01
M00243,青森市,あおもりし,02
M00244,弘前市,ひろさきし,02
M00245,八戸市,はちのへし,02
M00246,黒石市,くろいしし,02
M00247,五所川原市,ごしょがわらし,02
M00248,十和田市,とわだし,02
M00249,三沢市,みさわし,02
M00250,むつ市,むつし,02
M00251,つがる市,つがるし,02
M00252,平川市,ひらかわし,02
M00253,平内町,ひらないまち,02
M00254,蟹田町,かにたまち,02
M00255,今別町,いまべつまち,02
M00256,蓬田村,よもぎたむら,02
M00257,平舘村,たいらだてむら,02
M00258,三厩村,みんまやむら,02
M00259,外ヶ浜町,そとがはままち,02
M00260,鰺ヶ沢町,あじがさわまち,02
M00261,木造町,きづくりまち,02
M00262,深浦町,ふかうらまち,02
M00263,森田村,もりたむら,02
M00264,岩崎村,いわさきむら,02
M00265,柏村,かしわむら,02
M00266,稲垣村,いながきむら,02
M00267,車力村,しゃりきむら,02
M00268,岩木町,いわきまち,02
M00269,相馬村,そうまむら,02
M00270,西目屋村,にしめやむら,02
M00271,藤崎町,ふじさきまち,02
M00272,大鰐町,おおわにまち,02
M00273,尾上町,おのえまち,02
M00274,浪岡町,なみおかまち,02
M00275,平賀町,ひらかまち,02
M00276,常盤村,ときわむら,02
M00277,田舎館村,いなかだてむら,02
M00278,碇ケ関村,いかりがせきむら,02
M00279,板柳町,いたやなぎまち,02
M00280,金木町,かなぎまち,02
M00281,中里町,なかさとまち,02
M00282,鶴田町,つるたまち,02
M00283,市浦村,しうらむら,02
M00284,小泊村,こどまりむら,02
M00285,中泊町,なかどまりまち,02
M00286,野辺地町,のへじまち,02
M00287,七戸町,しちのへまち,02
M00288,百石町,ももいしまち,02
M00289,十和田湖町,とわだこまち,02
M00291,六戸町,ろくのへまち,02
M00292,横浜町,よこはままち,02
M00293,上北町,かみきたまち,02
M00294,東北町,とうほくまち,02
M00295,天間林村,てんまばやしむら,02
M00296,下田町,しもだまち,02
M00297,六ヶ所村,ろっかしょむら,02
M00298,おいらせ町,おいらせちょう,02
M00299,川内町,かわうちまち,02
M00300,大畑町,おおはたまち,02
M00301,大間町,おおままち,02
M00302,東通村,ひがしどおりむら,02
M00303,風間浦村,かざまうらむら,02
M00304,佐井村,さいむら,02
M00305,脇野沢村,わきのさわむら,02
M00306,三戸町,さんのへまち,02
M00307,五戸町,ごのへまち,02
M00308,田子町,たっこまち,02
M00309,名川町,ながわまち,02
M00310,南部町,なんぶちょう,02
M00312,階上町,はしかみちょう,02
M00313,福地村,ふくちむら,02
M00314,南郷村,なんごうむら,02
M00315,倉石村,くらいしむら,02
M00316,新郷村,しんごうむら,02
M00317,盛岡市,もりおかし,03
M00318,宮古市,みやこし,03
M00319,大船渡市,おおふなとし,03
M00320,水沢市,みずさわし,03
M00321,花巻市,はなまきし,03
M00322,北上市,きたかみし,03
M00323,久慈市,くじし,03
M00324,遠野市,とおのし,03
M00325,一関市,いちのせきし,03
M00326,陸前高田市,りくぜんたかたし,03
M00327,釜石市,かまいしし,03
M00328,江刺市,えさしし,03
M00329,二戸市,にのへし,03
M00330,八幡平市,はちまんたいし,03
M00331,奥州市,おうしゅうし,03
M00332,滝沢市,たきざわし,03
M00333,雫石町,しずくいしちょう,03
M00334,葛巻町,くずまきまち,03
M00335,岩手町,いわてまち,03
M00336,西根町,にしねちょう,03
M00338,松尾村,まつおむら,03
M00339,玉山村,たまやまむら,03
M00340,安代町,あしろちょう,03
M00341,紫波町,しわちょう,03
M00342,矢巾町,やはばちょう,03
M00343,都南村,となんむら,03
M00344,大迫町,おおはさままち,03
M00345,石鳥谷町,いしどりやちょう,03
M00346,東和町,とうわちょう,03
M00347,和賀町,わがちょう,03
M00348,湯田町,ゆだまち,03
M00349,江釣子村,えづりこむら,03
M00350,沢内村,さわうちむら,03
M00351,西和賀町,にしわがまち,03
M00352,金ケ崎町,かねがさきちょう,03
M00353,前沢町,まえさわちょう,03
M00354,胆沢町,いさわちょう,03
M00355,衣川村,ころもがわむら,03
M00356,花泉町,はないずみまち,03
M00357,平泉町,ひらいずみちょう,03
M00358,大東町,だいとうちょう,03
M00359,藤沢町,ふじさわちょう,03
M00360,千厩町,せんまやちょう,03
M00361,東山町,ひがしやまちょう,03
M00362,室根村,むろねむら,03
M00363,川崎村,かわさきむら,03
M00364,住田町,すみたちょう,03
M00365,三陸町,さんりくちょう,03
M00366,大槌町,おおつちちょう,03
M00367,宮守村,みやもりむら,03
M00368,田老町,たろうちょう,03
M00369,山田町,やまだまち,03
M00370,岩泉町,いわいずみちょう,03
M00371,田野畑村,たのはたむら,03
M00372,普代村,ふだいむら,03
M00373,新里村,にいさとむら,03
M00374,川井村,かわいむら,03
M00375,軽米町,かるまいまち,03
M00376,種市町,たねいちまち,03
M00377,野田村,のだむら,03
M00378,山形村,やまがたむら,03
M00379,大野村,おおのむら,03
M00380,九戸村,くのへむら,03
M00381,洋野町,ひろのちょう,03
M00382,浄法寺町,じょうぼうじまち,03
M00383,福岡町,ふくおかまち,03
M00385,一戸町,いちのへまち,03
M00386,金田一村,きんたいちむら,03
M00387,仙台市,せんだいし,04
M00388,石巻市,いしのまきし,04
M00389,塩竈市,しおがまし,04
M00390,古川市,ふるかわし,04
M00391,気仙沼市,けせんぬまし,04
M00392,白石市,しろいしし,04
M00393,名取市,なとりし,04
M00394,角田市,かくだし,04
M00395,多賀城市,たがじょうし,04
M00396,泉市,いずみし,04
M00397,岩沼市,いわぬまし,04
M00398,登米市,とめし,04
M00399,栗原市,くりはらし,04
M00400,東松島市,ひがしまつしまし,04
M00401,大崎市,おおさきし,04
M00402,富谷市,とみやし,04
M00403,蔵王町,ざおうまち,04
M00404,七ヶ宿町,しちかしゅくまち,04
M00405,大河原町,おおがわらまち,04
M00406,村田町,むらたまち,04
M00407,柴田町,しばたまち,04
M00408,川崎町,かわさきまち,04
M00409,丸森町,まるもりまち,04
M00410,亘理町,わたりちょう,04
M00411,山元町,やまもとちょう,04
M00413,秋保町,あきうまち,04
M00414,松島町,まつしままち,04
M00417,七ヶ浜町,しちがはままち,04
M00418,宮城町,みやぎまち,04
M00419,利府町,りふちょう,04
M00420,大和町,たいわちょう,04
M00421,大郷町,おおさとちょう,04
M00423,大衡村,おおひらむら,04
M00424,中新田町,なかにいだまち,04
M00425,小野田町,おのだまち,04
M00426,宮崎町,みやざきちょう,04
M00428,色麻町,しかまちょう,04
M00429,加美町,かみまち,04
M00430,松山町,まつやままち,04
M00431,三本木町,さんぼんぎちょう,04
M00432,鹿島台町,かしまだいまち,04
M00433,岩出山町,いわでやままち,04
M00434,鳴子町,なるこちょう,04
M00435,涌谷町,わくやちょう,04
M00436,田尻町,たじりちょう,04
M00437,小牛田町,こごたちょう,04
M00438,南郷町,なんごうちょう,04
M00439,美里町,みさとまち,04
M00440,築館町,つきだてちょう,04
M00441,若柳町,わかやなぎちょう,04
M00442,栗駒町,くりこままち,04
M00443,高清水町,たかしみずまち,04
M00444,一迫町,いちはさまちょう,04
M00445,瀬峰町,せみねちょう,04
M00446,鶯沢町,うぐいすざわちょう,04
M00447,金成町,かんなりちょう,04
M00448,志波姫町,しわひめちょう,04
M00449,花山村,はなやまむら,04
M00450,迫町,はさまちょう,04
M00451,登米町,とよままち,04
M00452,東和町,とうわちょう,04
M00453,中田町,なかだちょう,04
M00454,豊里町,とよさとちょう,04
M00455,米山町,よねやまちょう,04
M00456,石越町,いしこしまち,04
M00457,南方町,みなみかたまち,04
M00458,河北町,かほくちょう,04
M00459,矢本町,やもとちょう,04
M00460,雄勝町,おがつちょう,04
M00461,河南町,かなんちょう,04
M00462,桃生町,ものうちょう,04
M00463,鳴瀬町,なるせちょう,04
M00464,北上町,きたかみまち,04
M00465,女川町,おながわちょう,04
M00466,牡鹿町,おしかちょう,04
M00467,志津川町,しづがわちょう,04
M00468,津山町,つやまちょう,04
M00469,本吉町,もとよしちょう,04
M00470,唐桑町,からくわちょう,04
M00471,歌津町,うたつちょう,04
M00472,南三陸町,みなみさんりくちょう,04
M00473,秋田市,あきたし,05
M00474,能代市,のしろし,05
M00475,横手市,よこてし,05
M00476,大館市,おおだてし,05
M00477,本荘市,ほんじょうし,05
M00478,男鹿市,おがし,05
M00479,湯沢市,ゆざわし,05
M00480,大曲市,おおまがりし,05
M00481,鹿角市,かづのし,05
M00482,由利本荘市,ゆりほんじょうし,05
M00483,潟上市,かたがみし,05
M00484,大仙市,だいせんし,05
M00485,北秋田市,きたあきたし,05
M00486,にかほ市,にかほし,05
M00487,仙北市,せんぼくし,05
M00488,花輪町,はなわまち,05
M00489,十和田町,とわだまち,05
M00490,小坂町,こさかまち,05
M00491,尾去沢町,おさりざわまち,05
M00492,八幡平村,はちまんたいむら,05
M00493,鷹巣町,たかのすまち,05
M00494,比内町,ひないまち,05
M00495,森吉町,もりよしまち,05
M00496,阿仁町,あにまち,05
M00497,田代町,たしろまち,05
M00498,合川町,あいかわまち,05
M00499,上小阿仁村,かみこあにむら,05
M00500,琴丘町,ことおかまち,05
M00501,二ツ井町,ふたついまち,05
M00502,八森町,はちもりまち,05
M00503,山本町,やまもとまち,05
M00504,八竜町,はちりゅうまち,05
M00505,藤里町,ふじさとまち,05
M00506,峰浜村,みねはまむら,05
M00507,三種町,みたねちょう,05
M00508,八峰町,はっぽうちょう,05
M00509,五城目町,ごじょうめまち,05
M00510,昭和町,しょうわまち,05
M00511,八郎潟町,はちろうがたまち,05
M00512,飯田川町,いいたがわまち,05
M00513,天王町,てんのうまち,05
M00515,井川町,いかわまち,05
M00516,琴浜村,ことはまむら,05
M00517,大潟村,おおがたむら,05
M00518,河辺町,かわべまち,05
M00520,雄和町,ゆうわまち,05
M00521,仁賀保町,にかほまち,05
M00522,金浦町,このうらまち,05
M00523,象潟町,きさかたまち,05
M00524,矢島町,やしままち,05
M00525,岩城町,いわきまち,05
M00526,由利町,ゆりまち,05
M00528,西目町,にしめまち,05
M00530,鳥海町,ちょうかいまち,05
M00532,東由利町,ひがしゆりまち,05
M00533,大内町,おおうちまち,05
M00534,神岡町,かみおかまち,05
M00535,西仙北町,にしせんぼくまち,05
M00536,角館町,かくのだてまち,05
M00537,六郷町,ろくごうまち,05
M00538,中仙町,なかせんまち,05
M00539,田沢湖町,たざわこまち,05
M00540,協和町,きょうわまち,05
M00541,南外村,なんがいむら,05
M00543,仙北町,せんぼくまち,05
M00544,西木村,にしきむら,05
M00545,太田町,おおたまち,05
M00547,千畑町,せんはたまち,05
M00548,仙南村,せんなんむら,05
M00549,美郷町,みさとちょう,05
M00550,増田町,ますだまち,05
M00551,平鹿町,ひらかまち,05
M00552,雄物川町,おものがわまち,05
M00553,大森町,おおもりまち,05
M00554,十文字町,じゅうもんじまち,05
M00555,山内村,さんないむら,05
M00556,大雄村,たいゆうむら,05
M00557,稲川町,いなかわまち,05
M00558,雄勝町,おがちまち,05
M00559,羽後町,うごまち,05
M00560,東成瀬村,ひがしなるせむら,05
M00561,皆瀬村,みなせむら,05
M00562,山形市,やまがたし,06
M00563,米沢市,よねざわし,06
M00564,鶴岡市,つるおかし,06
M00565,酒田市,さかたし,06
M00566,新庄市,しんじょうし,06
M00567,寒河江市,さがえし,06
M00568,上山市,かみのやまし,06
M00569,村山市,むらやまし,06
M00570,長井市,ながいし,06
M00571,天童市,てんどうし,06
M00572,東根市,ひがしねし,06
M00573,尾花沢市,おばなざわし,06
M00574,南陽市,なんようし,06
M00575,山辺町,やまのべまち,06
M00576,中山町,なかやままち,06
M00577,河北町,かほくちょう,06
M00578,西川町,にしかわまち,06
M00579,朝日町,あさひまち,06
M00580,大江町,おおえまち,06
M00581,大石田町,おおいしだまち,06
M00582,金山町,かねやままち,06
M00583,最上町,もがみまち,06
M00584,舟形町,ふながたまち,06
M00585,真室川町,まむろがわまち,06
M00586,大蔵村,おおくらむら,06
M00587,鮭川村,さけがわむら,06
M00588,戸沢村,とざわむら,06
M00589,高畠町,たかはたまち,06
M00590,川西町,かわにしまち,06
M00591,小国町,おぐにまち,06
M00592,白鷹町,しらたかまち,06
M00593,飯豊町,いいでまち,06
M00594,立川町,たちかわまち,06
M00595,余目町,あまるめまち,06
M00596,藤島町,ふじしままち,06
M00597,羽黒町,はぐろまち,06
M00598,櫛引町,くしびきまち,06
M00599,三川町,みかわまち,06
M00600,朝日村,あさひむら,06
M00601,庄内町,しょうないまち,06
M00602,温海町,あつみまち,06
M00603,遊佐町,ゆざまち,06
M00604,八幡町,やわたまち,06
M00605,松山町,まつやままち,06
M00606,平田町,ひらたまち,06
M00607,福島市,ふくしまし,07
M00608,会津若松市,あいづわかまつし,07
M00609,郡山市,こおりやまし,07
M00610,いわき市,いわきし,07
M00611,白河市,しらかわし,07
M00612,原町市,はらまちし,07
M00613,須賀川市,すかがわし,07
M00614,喜多方市,きたかたし,07
M00615,相馬市,そうまし,07
M00616,二本松市,にほんまつし,07
M00617,田村市,たむらし,07
M00618,南相馬市,みなみそうまし,07
M00619,伊達市,だてし,07
M00620,本宮市,もとみやし,07
M00621,桑折町,こおりまち,07
M00622,伊達町,だてまち,07
M00623,国見町,くにみまち,07
M00624,梁川町,やながわまち,07
M00625,保原町,ほばらまち,07
M00626,霊山町,りょうぜんまち,07
M00627,月舘町,つきだてまち,07
M00628,川俣町,かわまたまち,07
M00629,飯野町,いいのまち,07
M00630,安達町,あだちまち,07
M00631,大玉村,おおたまむら,07
M00632,本宮町,もとみやまち,07
M00633,白沢村,しらさわむら,07
M00634,岩代町,いわしろまち,07
M00635,東和町,とうわまち,07
M00636,長沼町,ながぬままち,07
M00637,鏡石町,かがみいしまち,07
M00638,岩瀬村,いわせむら,07
M00639,天栄村,てんえいむら,07
M00640,田島町,たじままち,07
M00641,下郷町,しもごうまち,07
M00642,舘岩村,たていわむら,07
M00643,檜枝岐村,ひのえまたむら,07
M00644,伊南村,いなむら,07
M00645,南郷村,なんごうむら,07
M00646,只見町,ただみまち,07
M00647,南会津町,みなみあいづまち,07
M00648,北会津村,きたあいづむら,07
M00649,熱塩加納村,あつしおかのうむら,07
M00650,北塩原村,きたしおばらむら,07
M00651,塩川町,しおかわまち,07
M00652,山都町,やまとまち,07
M00653,西会津町,にしあいづまち,07
M00654,高郷村,たかさとむら,07
M00655,磐梯町,ばんだいまち,07
M00656,猪苗代町,いなわしろまち,07
M00657,会津坂下町,あいづばんげまち,07
M00658,湯川村,ゆがわむら,07
M00659,柳津町,やないづまち,07
M00661,河東町,かわひがしまち,07
M00662,会津高田町,あいづたかだまち,07
M00663,会津本郷町,あいづほんごうまち,07
M00665,新鶴村,にいつるむら,07
M00666,三島町,みしままち,07
M00667,金山町,かねやままち,07
M00668,昭和村,しょうわむら,07
M00669,会津美里町,あいづみさとまち,07
M00670,西郷村,にしごうむら,07
M00671,表郷村,おもてごうむら,07
M00672,東村,ひがしむら,07
M00673,泉崎村,いずみざきむら,07
M00674,中島村,なかじまむら,07
M00675,矢吹町,やぶきまち,07
M00676,大信村,たいしんむら,07
M00677,棚倉町,たなぐらまち,07
M00678,矢祭町,やまつりまち,07
M00679,塙町,はなわまち,07
M00680,鮫川村,さめがわむら,07
M00682,石川町,いしかわまち,07
M00683,玉川村,たまかわむら,07
M00684,平田村,ひらたむら,07
M00685,浅川町,あさかわまち,07
M00686,古殿町,ふるどのまち,07
M00687,三春町,みはるまち,07
M00688,小野町,おのまち,07
M00689,滝根町,たきねまち,07
M00690,大越町,おおごえまち,07
M00691,都路村,みやこじむら,07
M00692,常葉町,ときわまち,07
M00693,船引町,ふねひきまち,07
M00694,広野町,ひろのまち,07
M00695,楢葉町,ならはまち,07
M00696,富岡町,とみおかまち,07
M00697,川内村,かわうちむら,07
M00698,大熊町,おおくままち,07
M00699,双葉町,ふたばまち,07
M00700,浪江町,なみえまち,07
M00701,葛尾村,かつらおむら,07
M00703,新地町,しんちまち,07
M00704,鹿島町,かしままち,07
M00705,小高町,おだかまち,07
M00706,飯舘村,いいたてむら,07
M00707,水戸市,みとし,08
M00708,日立市,ひたちし,08
M00709,土浦市,つちうらし,08
M00710,古河市,こがし,08
M00711,石岡市,いしおかし,08
M00712,下館市,しもだてし,08
M00713,結城市,ゆうきし,08
M00714,龍ケ崎市,りゅうがさきし,08
M00715,那珂湊市,なかみなとし,08
M00716,下妻市,しもつまし,08
M00717,常総市,じょうそうし,08
M00719,常陸太田市,ひたちおおたし,08
M00720,勝田市,かつたし,08
M00721,高萩市,たかはぎし,08
M00722,北茨城市,きたいばらきし,08
M00723,笠間市,かさまし,08
M00724,取手市,とりでし,08
M00725,岩井市,いわいし,08
M00726,牛久市,うしくし,08
M00727,つくば市,つくばし,08
M00728,ひたちなか市,ひたちなかし,08
M00729,鹿嶋市,かしまし,08
M00730,潮来市,いたこし,08
M00731,守谷市,もりやし,08
M00732,常陸大宮市,ひたちおおみやし,08
M00733,那珂市,なかし,08
M00734,筑西市,ちくせいし,08
M00735,坂東市,ばんどうし,08
M00736,稲敷市,いなしきし,08
M00737,かすみがうら市,かすみがうらし,08
M00738,桜川市,さくらがわし,08
M00739,神栖市,かみすし,08
M00740,行方市,なめがたし,08
M00741,鉾田市,ほこたし,08
M00742,つくばみらい市,つくばみらいし,08
M00743,小美玉市,おみたまし,08
M00744,常澄村,つねずみむら,08
M00745,茨城町,いばらきまち,08
M00746,小川町,おがわまち,08
M00747,美野里町,みのりまち,08
M00748,内原町,うちはらまち,08
M00749,常北町,じょうほくまち,08
M00750,桂村,かつらむら,08
M00751,御前山村,ごぜんやまむら,08
M00752,大洗町,おおあらいまち,08
M00753,城里町,しろさとまち,08
M00754,友部町,ともべまち,08
M00755,岩間町,いわままち,08
M00756,七会村,ななかいむら,08
M00757,岩瀬町,いわせまち,08
M00758,東海村,とうかいむら,08
M00760,瓜連町,うりづらまち,08
M00762,山方町,やまがたまち,08
M00763,美和村,みわむら,08
M00764,緒川村,おがわむら,08
M00766,金砂郷町,かなさごうまち,08
M00767,水府村,すいふむら,08
M00768,里美村,さとみむら,08
M00769,大子町,だいごまち,08
M00770,十王町,じゅうおうまち,08
M00771,旭村,あさひむら,08
M00772,鉾田町,ほこたまち,08
M00773,大洋村,たいようむら,08
M00774,大野村,おおのむら,08
M00777,波崎町,はさきまち,08
M00778,麻生町,あそうまち,08
M00779,牛堀町,うしぼりまち,08
M00782,北浦町,きたうらまち,08
M00783,玉造町,たまつくりまち,08
M00784,江戸崎町,えどさきまち,08
M00785,美浦村,みほむら,08
M00786,阿見町,あみまち,08
M00789,茎崎町,くきざきまち,08
M00791,新利根町,しんとねまち,08
M00793,河内町,かわちまち,08
M00794,桜川村,さくらがわむら,08
M00796,東町,あずままち,08
M00798,霞ヶ浦町,かすみがうらまち,08
M00799,玉里村,たまりむら,08
M00800,八郷町,やさとまち,08
M00802,千代田町,ちよだまち,08
M00803,新治村,にいはりむら,08
M00804,桜村,さくらむら,08
M00805,谷田部町,やたべまち,08
M00807,伊奈町,いなまち,08
M00808,谷和原村,やわらむら,08
M00809,豊里町,とよさとまち,08
M00810,筑波町,つくばまち,08
M00811,大穂町,おおほまち,08
M00812,関城町,せきじょうまち,08
M00813,明野町,あけのまち,08
M00814,真壁町,まかべまち,08
M00815,大和村,やまとむら,08
M00816,協和町,きょうわまち,08
M00818,八千代町,やちよまち,08
M00819,千代川村,ちよかわむら,08
M00820,石下町,いしげまち,08
M00821,総和町,そうわまち,08
M00823,五霞町,ごかまち,08
M00824,三和町,さんわまち,08
M00825,猿島町,さしままち,08
M00827,境町,さかいまち,08
M00830,藤代町,ふじしろまち,08
M00831,利根町,とねまち,08
M00832,宇都宮市,うつのみやし,09
M00833,足利市,あしかがし,09
M00834,栃木市,とちぎし,09
M00835,佐野市,さのし,09
M00836,鹿沼市,かぬまし,09
M00837,日光市,にっこうし,09
M00838,今市市,いまいちし,09
M00839,小山市,おやまし,09
M00840,真岡市,もおかし,09
M00841,大田原市,おおたわらし,09
M00842,矢板市,やいたし,09
M00843,黒磯市,くろいそし,09
M00844,那須塩原市,なすしおばらし,09
M00845,さくら市,さくらし,09
M00846,那須烏山市,なすからすやまし,09
M00847,下野市,しもつけし,09
M00848,上三川町,かみのかわまち,09
M00850,南河内町,みなみかわちまち,09
M00852,上河内町,かみかわちまち,09
M00853,河内町,かわちまち,09
M00855,西方町,にしかたまち,09
M00856,粟野町,あわのまち,09
M00857,足尾町,あしおまち,09
M00858,二宮町,にのみやまち,09
M00859,益子町,ましこまち,09
M00860,茂木町,もてぎまち,09
M00862,市貝町,いちかいまち,09
M00863,芳賀町,はがまち,09
M00864,壬生町,みぶまち,09
M00865,石橋町,いしばしまち,09
M00866,国分寺町,こくぶんじまち,09
M00867,野木町,のぎまち,09
M00868,大平町,おおひらまち,09
M00869,藤岡町,ふじおかまち,09
M00870,岩舟町,いわふねまち,09
M00871,都賀町,つがまち,09
M00873,栗山村,くりやまむら,09
M00874,藤原町,ふじはらまち,09
M00875,塩谷町,しおやまち,09
M00876,氏家町,うじいえまち,09
M00877,高根沢町,たかねざわまち,09
M00878,喜連川町,きつれがわまち,09
M00880,南那須町,みなみなすまち,09
M00881,烏山町,からすやままち,09
M00882,馬頭町,ばとうまち,09
M00883,小川町,おがわまち,09
M00884,湯津上村,ゆづかみむら,09
M00885,黒羽町,くろばねまち,09
M00886,那須町,なすまち,09
M00888,西那須野町,にしなすのまち,09
M00889,塩原町,しおばらまち,09
M00890,那珂川町,なかがわまち,09
M00891,田沼町,たぬままち,09
M00892,葛生町,くずうまち,09
M00893,前橋市,まえばしし,10
M00894,高崎市,たかさきし,10
M00895,桐生市,きりゅうし,10
M00896,伊勢崎市,いせさきし,10
M00897,太田市,おおたし,10
M00898,沼田市,ぬまたし,10
M00899,館林市,たてばやしし,10
M00900,渋川市,しぶかわし,10
M00901,藤岡市,ふじおかし,10
M00902,富岡市,とみおかし,10
M00903,安中市,あんなかし,10
M00904,みどり市,みどりし,10
M00905,北橘村,きたたちばなむら,10
M00906,赤城村,あかぎむら,10
M00907,富士見村,ふじみむら,10
M00908,大胡町,おおごまち,10
M00909,宮城村,みやぎむら,10
M00910,粕川村,かすかわむら,10
M00911,新里村,にいさとむら,10
M00912,黒保根村,くろほねむら,10
M00913,東村,あずまむら,10
M00914,榛名町,はるなまち,10
M00916,倉渕村,くらぶちむら,10
M00917,箕郷町,みさとまち,10
M00918,群馬町,ぐんままち,10
M00919,子持村,こもちむら,10
M00920,小野上村,おのがみむら,10
M00921,伊香保町,いかほまち,10
M00922,榛東村,しんとうむら,10
M00924,吉岡町,よしおかまち,10
M00925,新町,しんまち,10
M00926,鬼石町,おにしまち,10
M00927,吉井町,よしいまち,10
M00928,万場町,まんばまち,10
M00929,中里村,なかさとむら,10
M00930,上野村,うえのむら,10
M00931,神流町,かんなまち,10
M00932,妙義町,みょうぎまち,10
M00933,下仁田町,しもにたまち,10
M00934,南牧村,なんもくむら,10
M00935,甘楽町,かんらまち,10
M00936,松井田町,まついだまち,10
M00937,中之条町,なかのじょうまち,10
M00938,東村,あづまむら,10
M00939,吾妻町,あがつままち,10
M00940,長野原町,ながのはらまち,10
M00941,嬬恋村,つまごいむら,10
M00942,草津町,くさつまち,10
M00943,六合村,くにむら,10
M00944,高山村,たかやまむら,10
M00945,東吾妻町,ひがしあがつままち,10
M00946,白沢村,しらさわむら,10
M00947,利根村,とねむら,10
M00948,片品村,かたしなむら,10
M00949,川場村,かわばむら,10
M00950,月夜野町,つきよのまち,10
M00951,水上町,みなかみまち,10
M00952,新治村,にいはるむら,10
M00953,昭和村,しょうわむら,10
M00954,みなかみ町,みなかみまち,10
M00956,赤堀町,あかぼりまち,10
M00957,東村,あずまむら,10
M00958,境町,さかいまち,10
M00959,玉村町,たまむらまち,10
M00960,尾島町,おじままち,10
M00961,新田町,にったまち,10
M00962,藪塚本町,やぶづかほんまち,10
M00964,笠懸町,かさかけまち,10
M00965,大間々町,おおまままち,10
M00966,板倉町,いたくらまち,10
M00968,明和町,めいわまち,10
M00970,千代田町,ちよだまち,10
M00971,大泉町,おおいずみまち,10
M00972,邑楽町,おうらまち,10
M00973,川越市,かわごえし,11
M00974,熊谷市,くまがやし,11
M00975,川口市,かわぐちし,11
M00976,浦和市,うらわし,11
M00977,大宮市,おおみやし,11
M00978,行田市,ぎょうだし,11
M00979,秩父市,ちちぶし,11
M00980,所沢市,ところざわし,11
M00981,飯能市,はんのうし,11
M00982,加須市,かぞし,11
M00983,本庄市,ほんじょうし,11
M00984,東松山市,ひがしまつやまし,11
M00985,岩槻市,いわつきし,11
M00986,春日部市,かすかべし,11
M00987,狭山市,さやまし,11
M00988,羽生市,はにゆうし,11
M00989,鴻巣市,こうのすし,11
M00990,深谷市,ふかやし,11
M00991,上尾市,あげおし,11
M00992,与野市,よのし,11
M00993,草加市,そうかし,11
M00994,越谷市,こしがやし,11
M00995,蕨市,わらびし,11
M00996,戸田市,とだし,11
M00997,入間市,いるまし,11
M00998,鳩ケ谷市,はとがやし,11
M00999,朝霞市,あさかし,11
M01000,志木市,しきし,11
M01001,和光市,わこうし,11
M01002,新座市,にいざし,11
M01003,桶川市,おけがわし,11
M01004,久喜市,くきし,11
M01005,北本市,きたもとし,11
M01006,八潮市,やしおし,11
M01007,富士見市,ふじみし,11
M01008,上福岡市,かみふくおかし,11
M01009,三郷市,みさとし,11
M01010,蓮田市,はすだし,11
M01011,坂戸市,さかどし,11
M01012,幸手市,さってし,11
M01013,鶴ヶ島市,つるがしまし,11
M01014,日高市,ひだかし,11
M01015,吉川市,よしかわし,11
M01016,さいたま市,さいたまし,11
M01017,ふじみ野市,ふじみのし,11
M01018,白岡市,しらおかし,11
M01020,伊奈町,いなまち,11
M01023,吹上町,ふきあげまち,11
M01028,大井町,おおいまち,11
M01031,三芳町,みよしまち,11
M01033,毛呂山町,もろやままち,11
M01034,越生町,おごせまち,11
M01037,名栗村,なぐりむら,11
M01039,滑川町,なめがわまち,11
M01040,嵐山町,らんざんまち,11
M01041,小川町,おがわまち,11
M01042,都幾川村,ときがわむら,11
M01043,玉川村,たまがわむら,11
M01045,川島町,かわじままち,11
M01047,吉見町,よしみまち,11
M01049,鳩山町,はとやままち,11
M01050,ときがわ町,ときがわまち,11
M01052,横瀬町,よこぜまち,11
M01053,皆野町,みなのまち,11
M01055,長瀞町,ながとろまち,11
M01056,吉田町,よしだまち,11
M01057,小鹿野町,おがのまち,11
M01058,両神村,りょうかみむら,11
M01059,大滝村,おおたきむら,11
M01060,荒川村,あらかわむら,11
M01061,東秩父村,ひがしちちぶむら,11
M01063,美里町,みさとまち,11
M01064,児玉町,こだままち,11
M01066,神川町,かみかわまち,11
M01067,神泉村,かみいずみむら,11
M01069,上里町,かみさとまち,11
M01071,大里町,おおさとまち,11
M01073,江南町,こうなんまち,11
M01074,妻沼町,めぬままち,11
M01075,豊里村,とよさとむら,11
M01076,岡部町,おかべまち,11
M01078,川本町,かわもとまち,11
M01080,花園町,はなぞのまち,11
M01081,寄居町,よりいまち,11
M01082,騎西町,きさいまち,11
M01083,南河原村,みなみかわらむら,11
M01085,川里町,かわさとまち,11
M01087,北川辺町,きたかわべまち,11
M01089,大利根町,おおとねまち,11
M01091,宮代町,みやしろまち,11
M01095,菖蒲町,しょうぶまち,11
M01096,栗橋町,くりはしまち,11
M01097,鷲宮町,わしみやまち,11
M01099,杉戸町,すぎとまち,11
M01100,松伏町,まつぶしまち,11
M01103,庄和町,しょうわまち,11
M01104,千葉市,ちばし,12
M01105,銚子市,ちょうしし,12
M01106,市川市,いちかわし,12
M01107,船橋市,ふなばしし,12
M01108,館山市,たてやまし,12
M01109,木更津市,きさらづし,12
M01110,松戸市,まつどし,12
M01111,野田市,のだし,12
M01112,佐原市,さわらし,12
M01113,茂原市,もばらし,12
M01114,成田市,なりたし,12
M01115,佐倉市,さくらし,12
M01116,東金市,とうがねし,12
M01117,八日市場市,ようかいちばし,12
M01118,旭市,あさひし,12
M01119,習志野市,ならしのし,12
M01120,柏市,かしわし,12
M01121,勝浦市,かつうらし,12
M01122,市原市,いちはらし,12
M01123,流山市,ながれやまし,12
M01124,八千代市,やちよし,12
M01125,我孫子市,あびこし,12
M01126,鴨川市,かもがわし,12
M01127,鎌ケ谷市,かまがやし,12
M01128,君津市,きみつし,12
M01129,富津市,ふっつし,12
M01130,浦安市,うらやすし,12
M01131,四街道市,よつかいどうし,12
M01132,袖ケ浦市,そでがうらし,12
M01133,八街市,やちまたし,12
M01134,印西市,いんざいし,12
M01135,白井市,しろいし,12
M01136,富里市,とみさとし,12
M01137,南房総市,みなみぼうそうし,12
M01138,匝瑳市,そうさし,12
M01139,香取市,かとりし,12
M01140,山武市,さんむし,12
M01141,いすみ市,いすみし,12
M01142,大網白里市,おおあみしらさとし,12
M01145,関宿町,せきやどまち,12
M01147,沼南町,しょうなんまち,12
M01149,酒々井町,しすいまち,12
M01153,印旛村,いんばむら,12
M01156,本埜村,もとのむら,12
M01157,栄町,さかえまち,12
M01158,下総町,しもふさまち,12
M01159,神崎町,こうざきまち,12
M01160,大栄町,たいえいまち,12
M01161,小見川町,おみがわまち,12
M01162,山田町,やまだまち,12
M01163,栗源町,くりもとまち,12
M01164,多古町,たこまち,12
M01165,干潟町,ひかたまち,12
M01166,東庄町,とうのしょうまち,12
M01167,海上町,うなかみまち,12
M01168,飯岡町,いいおかまち,12
M01169,光町,ひかりまち,12
M01170,野栄町,のさかまち,12
M01172,九十九里町,くじゆうくりまち,12
M01173,成東町,なるとうまち,12
M01174,山武町,さんぶまち,12
M01175,蓮沼村,はすぬまむら,12
M01176,松尾町,まつおまち,12
M01177,横芝町,よこしばまち,12
M01178,芝山町,しばやままち,12
M01179,横芝光町,よこしばひかりまち,12
M01180,一宮町,いちのみやまち,12
M01182,睦沢町,むつざわまち,12
M01183,長生村,ちょうせいむら,12
M01184,白子町,しらこまち,12
M01185,本納町,ほんのうまち,12
M01186,長柄町,ながらまち,12
M01187,長南町,ちょうなんまち,12
M01188,大多喜町,おおたきまち,12
M01189,夷隅町,いすみまち,12
M01190,御宿町,おんじゆくまち,12
M01191,大原町,おおはらまち,12
M01192,岬町,みさきまち,12
M01193,富浦町,とみうらまち,12
M01194,富山町,とみやままち,12
M01195,鋸南町,きよなんまち,12
M01196,三芳村,みよしむら,12
M01197,白浜町,しらはままち,12
M01198,千倉町,ちくらまち,12
M01199,丸山町,まるやままち,12
M01200,和田町,わだまち,12
M01201,江見町,えみまち,12
M01202,長狭町,ながさまち,12
M01203,鴨川町,かもがわまち,12
M01204,天津小湊町,あまつこみなとまち,12
M01206,平川町,ひらかわまち,12
M01207,富来田町,ふくたまち,12
M01208,小櫃村,おびつむら,12
M01209,上総町,かずさまち,12
M01211,小糸町,こいとまち,12
M01212,清和村,せいわむら,12
M01214,大佐和町,おおさわまち,12
M01215,天羽町,あまはまち,12
M01216,千代田区,ちよだく,13
M01217,中央区,ちゅうおうく,13
M01218,港区,みなとく,13
M01219,新宿区,しんじゅくく,13
M01220,文京区,ぶんきょうく,13
M01221,台東区,たいとうく,13
M01222,墨田区,すみだく,13
M01223,江東区,こうとうく,13
M01224,品川区,しながわく,13
M01225,目黒区,めぐろく,13
M01226,大田区,おおたく,13
M01227,世田谷区,せたがやく,13
M01228,渋谷区,しぶやく,13
M01229,中野区,なかのく,13
M01230,杉並区,すぎなみく,13
M01231,豊島区,としまく,13
M01232,北区,きたく,13
M01233,荒川区,あらかわく,13
M01234,板橋区,いたばしく,13
M01235,練馬区,ねりまく,13
M01236,足立区,あだちく,13
M01237,葛飾区,かつしかく,13
M01238,江戸川区,えどがわく,13
M01239,八王子市,はちおうじし,13
M01240,立川市,たちかわし,13
M01241,武蔵野市,むさしのし,13
M01242,三鷹市,みたかし,13
M01243,青梅市,おうめし,13
M01244,府中市,ふちゅうし,13
M01245,昭島市,あきしまし,13
M01246,調布市,ちょうふし,13
M01247,町田市,まちだし,13
M01248,小金井市,こがねいし,13
M01249,小平市,こだいらし,13
M01250,日野市,ひのし,13
M01251,東村山市,ひがしむらやまし,13
M01252,国分寺市,こくぶんじし,13
M01253,国立市,くにたちし,13
M01254,田無市,たなしし,13
M01255,保谷市,ほうやし,13
M01256,福生市,ふっさし,13
M01257,狛江市,こまえし,13
M01258,東大和市,ひがしやまとし,13
M01259,清瀬市,きよせし,13
M01260,東久留米市,ひがしくるめし,13
M01261,武蔵村山市,むさしむらやまし,13
M01262,多摩市,たまし,13
M01263,稲城市,いなぎし,13
M01264,秋川市,あきがわし,13
M01265,羽村市,はむらし,13
M01266,あきる野市,あきるのし,13
M01267,西東京市,にしとうきょうし,13
M01270,瑞穂町,みずほまち,13
M01271,秋多町,あきたまち,13
M01273,日の出町,ひのでまち,13
M01274,五日市町,いつかいちまち,13
M01275,檜原村,ひのはらむら,13
M01276,奥多摩町,おくたままち,13
M01284,大島町,おおしままち,13
M01285,利島村,としまむら,13
M01287,新島村,にいじまむら,13
M01288,神津島村,こうづしまむら,13
M01289,三宅村,みやけむら,13
M01290,御蔵島村,みくらじまむら,13
M01291,八丈町,はちじょうまち,13
M01292,青ヶ島村,あおがしまむら,13
M01293,小笠原村,おがさわらむら,13
M01294,横浜市,よこはまし,14
M01295,横須賀市,よこすかし,14
M01296,川崎市,かわさきし,14
M01297,平塚市,ひらつかし,14
M01298,鎌倉市,かまくらし,14
M01299,藤沢市,ふじさわし,14
M01300,小田原市,おだわらし,14
M01301,茅ヶ崎市,ちがさきし,14
M01302,逗子市,ずしし,14
M01303,相模原市,さがみはらし,14
M01304,三浦市,みうらし,14
M01305,秦野市,はだのし,14
M01306,厚木市,あつぎし,14
M01307,大和市,やまとし,14
M01308,伊勢原市,いせはらし,14
M01309,海老名市,えびなし,14
M01310,座間市,ざまし,14
M01311,南足柄市,みなみあしがらし,14
M01312,綾瀬市,あやせし,14
M01313,葉山町,はやままち,14
M01314,寒川町,さむかわまち,14
M01318,大磯町,おおいそまち,14
M01319,二宮町,にのみやまち,14
M01321,中井町,なかいまち,14
M01322,大井町,おおいまち,14
M01323,松田町,まつだまち,14
M01324,山北町,やまきたまち,14
M01326,開成町,かいせいまち,14
M01327,橘町,たちばなまち,14
M01328,箱根町,はこねまち,14
M01329,真鶴町,まなづるまち,14
M01330,湯河原町,ゆがわらまち,14
M01331,愛川町,あいかわまち,14
M01332,清川村,きよかわむら,14
M01333,城山町,しろやままち,14
M01334,津久井町,つくいまち,14
M01335,相模湖町,さがみこまち,14
M01336,藤野町,ふじのまち,14
M01337,新潟市,にいがたし,15
M01338,長岡市,ながおかし,15
M01339,高田市,たかだし,15
M01340,三条市,さんじょうし,15
M01341,柏崎市,かしわざきし,15
M01342,新発田市,しばたし,15
M01343,新津市,にいつし,15
M01344,小千谷市,おぢやし,15
M01345,加茂市,かもし,15
M01346,十日町市,とおかまちし,15
M01347,見附市,みつけし,15
M01348,村上市,むらかみし,15
M01349,燕市,つばめし,15
M01350,直江津市,なおえつし,15
M01351,栃尾市,とちおし,15
M01352,糸魚川市,いといがわし,15
M01353,妙高市,みょうこうし,15
M01355,五泉市,ごせんし,15
M01356,両津市,りょうつし,15
M01357,白根市,しろねし,15
M01358,豊栄市,とよさかし,15
M01359,上越市,じょうえつし,15
M01360,阿賀野市,あがのし,15
M01361,佐渡市,さどし,15
M01362,魚沼市,うおぬまし,15
M01363,南魚沼市,みなみうおぬまし,15
M01364,胎内市,たいないし,15
M01365,安田町,やすだまち,15
M01366,京ヶ瀬村,きょうがせむら,15
M01367,水原町,すいばらまち,15
M01368,笹神村,ささかみむら,15
M01371,豊浦町,とようらまち,15
M01373,聖籠町,せいろうまち,15
M01374,加治川村,かじかわむら,15
M01375,紫雲寺町,しうんじまち,15
M01376,中条町,なかじょうまち,15
M01377,黒川村,くろかわむら,15
M01378,小須戸町,こすどまち,15
M01379,村松町,むらまつまち,15
M01381,横越町,よこごしまち,15
M01382,亀田町,かめだまち,15
M01383,岩室村,いわむろむら,15
M01384,弥彦村,やひこむら,15
M01385,分水町,ぶんすいまち,15
M01386,吉田町,よしだまち,15
M01387,巻町,まきまち,15
M01388,西川町,にしかわまち,15
M01390,黒埼町,くろさきまち,15
M01391,味方村,あじかたむら,15
M01392,潟東村,かたひがしむら,15
M01393,月潟村,つきがたむら,15
M01394,中之口村,なかのくちむら,15
M01396,田上町,たがみまち,15
M01397,下田村,しただむら,15
M01399,栄町,さかえまち,15
M01401,中之島町,なかのしままち,15
M01402,津川町,つがわまち,15
M01403,鹿瀬町,かのせまち,15
M01404,上川村,かみかわむら,15
M01405,三川村,みかわむら,15
M01406,阿賀町,あがまち,15
M01407,越路町,こしじまち,15
M01408,三島町,みしままち,15
M01409,与板町,よいたまち,15
M01410,和島村,わしまむら,15
M01411,出雲崎町,いずもざきまち,15
M01412,寺泊町,てらどまりまち,15
M01413,山古志村,やまこしむら,15
M01414,川口町,かわぐちまち,15
M01415,堀之内町,ほりのうちまち,15
M01416,小出町,こいでまち,15
M01417,湯之谷村,ゆのたにむら,15
M01418,広神村,ひろかみむら,15
M01419,守門村,すもんむら,15
M01420,入広瀬村,いりひろせむら,15
M01421,湯沢町,ゆざわまち,15
M01422,塩沢町,しおざわまち,15
M01423,六日町,むいかまち,15
M01424,大和町,やまとまち,15
M01425,川西町,かわにしまち,15
M01426,津南町,つなんまち,15
M01427,中里村,なかさとむら,15
M01428,高柳町,たかやなぎまち,15
M01429,小国町,おぐにまち,15
M01430,北条町,きたじょうまち,15
M01431,刈羽村,かりわむら,15
M01432,西山町,にしやままち,15
M01433,安塚町,やすづかまち,15
M01434,浦川原村,うらがわらむら,15
M01435,松代町,まつだいまち,15
M01436,松之山町,まつのやままち,15
M01437,大島村,おおしまむら,15
M01438,牧村,まきむら,15
M01439,柿崎町,かきざきまち,15
M01440,大潟町,おおがたまち,15
M01441,頸城村,くびきむら,15
M01442,吉川町,よしかわまち,15
M01443,妙高高原町,みょうこうこうげんまち,15
M01444,中郷村,なかごうむら,15
M01445,妙高村,みょうこうむら,15
M01446,板倉町,いたくらまち,15
M01447,清里村,きよさとむら,15
M01448,三和村,さんわむら,15
M01449,名立町,なだちまち,15
M01450,能生町,のうまち,15
M01451,青海町,おうみまち,15
M01452,関川村,せきかわむら,15
M01453,荒川町,あらかわまち,15
M01454,神林村,かみはやしむら,15
M01455,朝日村,あさひむら,15
M01456,山北町,さんぽくまち,15
M01457,粟島浦村,あわしまうらむら,15
M01458,相川町,あいかわまち,15
M01459,佐和田町,さわたまち,15
M01460,金井町,かないまち,15
M01461,新穂村,にいぼむら,15
M01462,畑野町,はたのまち,15
M01463,真野町,まのまち,15
M01464,小木町,おぎまち,15
M01465,羽茂町,はもちまち,15
M01466,赤泊村,あかどまりむら,15
M01467,富山市,とやまし,16
M01468,高岡市,たかおかし,16
M01469,新湊市,しんみなとし,16
M01470,魚津市,うおづし,16
M01471,氷見市,ひみし,16
M01472,滑川市,なめりかわし,16
M01473,黒部市,くろべし,16
M01474,砺波市,となみし,16
M01475,小矢部市,おやべし,16
M01476,南砺市,なんとし,16
M01477,射水市,いみずし,16
M01478,大沢野町,おおさわのまち,16
M01479,大山町,おおやままち,16
M01480,舟橋村,ふなはしむら,16
M01481,上市町,かみいちまち,16
M01482,立山町,たてやままち,16
M01483,宇奈月町,うなづきまち,16
M01484,入善町,にゅうぜんまち,16
M01485,朝日町,あさひまち,16
M01486,八尾町,やつおまち,16
M01487,婦中町,ふちゅうまち,16
M01488,山田村,やまだむら,16
M01489,細入村,ほそいりむら,16
M01490,小杉町,こすぎまち,16
M01491,大門町,だいもんまち,16
M01492,下村,しもむら,16
M01493,大島町,おおしままち,16
M01494,城端町,じょうはなまち,16
M01495,平村,たいらむら,16
M01496,上平村,かみたいらむら,16
M01497,利賀村,とがむら,16
M01498,庄川町,しょうがわまち,16
M01499,井波町,いなみまち,16
M01500,井口村,いのくちむら,16
M01501,福野町,ふくのまち,16
M01502,福光町,ふくみつまち,16
M01503,福岡町,ふくおかまち,16
M01504,金沢市,かなざわし,17
M01505,七尾市,ななおし,17
M01506,小松市,こまつし,17
M01507,輪島市,わじまし,17
M01508,珠洲市,すずし,17
M01509,加賀市,かがし,17
M01510,羽咋市,はくいし,17
M01511,松任市,まっとうし,17
M01512,かほく市,かほくし,17
M01513,白山市,はくさんし,17
M01514,能美市,のみし,17
M01515,野々市市,ののいちし,17
M01516,山中町,やまなかまち,17
M01517,根上町,ねあがりまち,17
M01518,寺井町,てらいまち,17
M01519,辰口町,たつのくちまち,17
M01521,川北町,かわきたまち,17
M01523,美川町,みかわまち,17
M01524,鶴来町,つるぎまち,17
M01526,河内村,かわちむら,17
M01527,吉野谷村,よしのだにむら,17
M01528,鳥越村,とりごえむら,17
M01529,尾口村,おぐちむら,17
M01530,白峰村,しらみねむら,17
M01531,津幡町,つばたまち,17
M01532,高松町,たかまつまち,17
M01533,七塚町,ななつかまち,17
M01534,宇ノ気町,うのけまち,17
M01535,内灘町,うちなだまち,17
M01536,高浜町,たかはままち,17
M01537,富来町,とぎまち,17
M01538,志雄町,しおまち,17
M01539,志賀町,しかまち,17
M01540,押水町,おしみずまち,17
M01541,宝達志水町,ほうだつしみずちょう,17
M01542,田鶴浜町,たつるはままち,17
M01543,鳥屋町,とりやまち,17
M01544,中島町,なかじままち,17
M01545,鹿島町,かしままち,17
M01546,能登島町,のとじままち,17
M01547,鹿西町,ろくせいまち,17
M01548,中能登町,なかのとまち,17
M01549,穴水町,あなみずまち,17
M01550,門前町,もんぜんまち,17
M01551,能都町,のとまち,17
M01552,柳田村,やなぎだむら,17
M01553,内浦町,うちうらまち,17
M01554,能登町,のとちょう,17
M01555,福井市,ふくいし,18
M01556,敦賀市,つるがし,18
M01557,武生市,たけふし,18
M01558,小浜市,おばまし,18
M01559,大野市,おおのし,18
M01560,勝山市,かつやまし,18
M01561,鯖江市,さばえし,18
M01562,あわら市,あわらし,18
M01563,越前市,えちぜんし,18
M01564,坂井市,さかいし,18
M01565,足羽町,あすわちょう,18
M01566,美山町,みやまちょう,18
M01567,松岡町,まつおかちょう,18
M01568,永平寺町,えいへいじちょう,18
M01569,上志比村,かみしひむら,18
M01570,西谷村,にしたにむら,18
M01571,和泉村,いずみむら,18
M01572,三国町,みくにちょう,18
M01573,芦原町,あわらちょう,18
M01574,金津町,かなづちょう,18
M01575,丸岡町,まるおかちょう,18
M01576,春江町,はるえちょう,18
M01577,坂井町,さかいちょう,18
M01578,今立町,いまだてちょう,18
M01579,池田町,いけだちょう,18
M01580,南条町,なんじょうちょう,18
M01581,今庄町,いまじょうちょう,18
M01582,河野村,こうのむら,18
M01583,南越前町,みなみえちぜんちょう,18
M01584,朝日町,あさひちょう,18
M01585,宮崎村,みやざきむら,18
M01586,越前町,えちぜんちょう,18
M01587,越廼村,こしのむら,18
M01588,織田町,おたちょう,18
M01589,清水町,しみずちょう,18
M01590,三方町,みかたちょう,18
M01591,美浜町,みはまちょう,18
M01592,上中町,かみなかちょう,18
M01593,名田庄村,なたしょうむら,18
M01594,高浜町,たかはまちょう,18
M01595,大飯町,おおいちょう,18
M01596,おおい町,おおいちょう,18
M01597,若狭町,わかさちょう,18
M01598,甲府市,こうふし,19
M01599,富士吉田市,ふじよしだし,19
M01600,塩山市,えんざんし,19
M01601,都留市,つるし,19
M01602,山梨市,やまなしし,19
M01603,大月市,おおつきし,19
M01604,韮崎市,にらさきし,19
M01605,南アルプス市,みなみあるぷすし,19
M01606,北杜市,ほくとし,19
M01607,甲斐市,かいし,19
M01608,笛吹市,ふえふきし,19
M01609,上野原市,うえのはらし,19
M01610,甲州市,こうしゅうし,19
M01611,中央市,ちゅうおうし,19
M01612,春日居町,かすがいちょう,19
M01613,牧丘町,まきおかちょう,19
M01614,三富村,みとみむら,19
M01615,勝沼町,かつぬまちょう,19
M01616,大和村,やまとむら,19
M01617,石和町,いさわちょう,19
M01618,御坂町,みさかちょう,19
M01619,一宮町,いちのみやちょう,19
M01620,八代町,やつしろちょう,19
M01621,境川村,さかいがわむら,19
M01622,中道町,なかみちまち,19
M01623,芦川村,あしがわむら,19
M01624,豊富村,とよとみむら,19
M01625,上九一色村,かみくいしきむら,19
M01626,三珠町,みたまちょう,19
M01627,市川大門町,いちかわだいもんちょう,19
M01628,六郷町,ろくごうちょう,19
M01629,下部町,しもべちょう,19
M01630,市川三郷町,いちかわみさとちょう,19
M01631,増穂町,ますほちょう,19
M01632,鰍沢町,かじかざわちょう,19
M01633,中富町,なかとみちょう,19
M01634,早川町,はやかわちょう,19
M01635,身延町,みのぶちょう,19
M01636,南部町,なんぶちょう,19
M01637,富沢町,とみざわちょう,19
M01638,富士川町,ふじかわちょう,19
M01639,竜王町,りゅうおうちょう,19
M01640,敷島町,しきしままち,19
M01642,玉穂町,たまほちょう,19
M01644,昭和町,しょうわちょう,19
M01645,田富町,たとみちょう,19
M01646,八田村,はったむら,19
M01647,白根町,しらねまち,19
M01648,芦安村,あしやすむら,19
M01649,若草町,わかくさちょう,19
M01650,櫛形町,くしがたまち,19
M01651,甲西町,こうさいまち,19
M01652,双葉町,ふたばちょう,19
M01653,明野村,あけのむら,19
M01654,須玉町,すだまちょう,19
M01655,高根町,たかねちょう,19
M01656,長坂町,ながさかちょう,19
M01657,大泉村,おおいずみむら,19
M01658,小淵沢町,こぶちさわちょう,19
M01659,白州町,はくしゅうまち,19
M01660,武川村,むかわむら,19
M01661,秋山村,あきやまむら,19
M01662,道志村,どうしむら,19
M01663,西桂町,にしかつらちょう,19
M01664,忍野村,おしのむら,19
M01665,山中湖村,やまなかこむら,19
M01666,河口湖町,かわぐちこまち,19
M01667,勝山村,かつやまむら,19
M01668,足和田村,あしわだむら,19
M01669,鳴沢村,なるさわむら,19
M01670,富士河口湖町,ふじかわぐちこまち,19
M01671,上野原町,うえのはらまち,19
M01672,小菅村,こすげむら,19
M01673,丹波山村,たばやまむら,19
M01674,長野市,ながのし,20
M01675,松本市,まつもとし,20
M01676,上田市,うえだし,20
M01677,岡谷市,おかやし,20
M01678,飯田市,いいだし,20
M01679,諏訪市,すわし,20
M01680,須坂市,すざかし,20
M01681,小諸市,こもろし,20
M01682,伊那市,いなし,20
M01683,駒ヶ根市,こまがねし,20
M01684,中野市,なかのし,20
M01685,大町市,おおまちし,20
M01686,飯山市,いいやまし,20
M01687,茅野市,ちのし,20
M01688,塩尻市,しおじりし,20
M01689,更埴市,こうしょくし,20
M01690,佐久市,さくし,20
M01691,千曲市,ちくまし,20
M01692,東御市,とうみし,20
M01693,安曇野市,あづみのし,20
M01694,臼田町,うすだまち,20
M01695,佐久町,さくまち,20
M01696,小海町,こうみまち,20
M01697,川上村,かわかみむら,20
M01698,南牧村,みなみまきむら,20
M01699,南相木村,みなみあいきむら,20
M01700,北相木村,きたあいきむら,20
M01701,八千穂村,やちほむら,20
M01702,佐久穂町,さくほまち,20
M01703,軽井沢町,かるいざわまち,20
M01704,望月町,もちづきまち,20
M01705,御代田町,みよたまち,20
M01706,立科町,たてしなまち,20
M01707,浅科村,あさしなむら,20
M01708,北御牧村,きたみまきむら,20
M01709,丸子町,まるこまち,20
M01710,長門町,ながとまち,20
M01711,東部町,とうぶまち,20
M01712,真田町,さなだまち,20
M01713,武石村,たけしむら,20
M01714,和田村,わだむら,20
M01715,川西村,かわにしむら,20
M01716,青木村,あおきむら,20
M01717,長和町,ながわまち,20
M01718,下諏訪町,しもすわまち,20
M01719,富士見町,ふじみまち,20
M01720,原村,はらむら,20
M01721,高遠町,たかとおまち,20
M01722,辰野町,たつのまち,20
M01723,箕輪町,みのわまち,20
M01724,飯島町,いいじままち,20
M01725,南箕輪村,みなみみのわむら,20
M01726,中川村,なかがわむら,20
M01727,長谷村,はせむら,20
M01728,宮田村,みやだむら,20
M01729,鼎町,かなえまち,20
M01730,松川町,まつかわまち,20
M01731,高森町,たかもりまち,20
M01732,阿南町,あなんちょう,20
M01733,上郷町,かみさとまち,20
M01734,清内路村,せいないじむら,20
M01735,阿智村,あちむら,20
M01736,浪合村,なみあいむら,20
M01737,平谷村,ひらやむら,20
M01738,根羽村,ねばむら,20
M01739,下條村,しもじょうむら,20
M01740,売木村,うるぎむら,20
M01741,天龍村,てんりゅうむら,20
M01742,泰阜村,やすおかむら,20
M01743,喬木村,たかぎむら,20
M01744,豊丘村,とよおかむら,20
M01745,大鹿村,おおしかむら,20
M01746,上村,かみむら,20
M01747,南信濃村,みなみしなのむら,20
M01748,木曽福島町,きそふくしままち,20
M01749,上松町,あげまつまち,20
M01750,南木曽町,なぎそまち,20
M01751,楢川村,ならかわむら,20
M01752,木祖村,きそむら,20
M01753,日義村,ひよしむら,20
M01754,開田村,かいだむら,20
M01755,三岳村,みたけむら,20
M01756,王滝村,おうたきむら,20
M01757,大桑村,おおくわむら,20
M01758,山口村,やまぐちむら,20
M01759,木曽町,きそまち,20
M01760,明科町,あかしなまち,20
M01761,本郷村,ほんごうむら,20
M01762,四賀村,しがむら,20
M01763,本城村,ほんじょうむら,20
M01764,坂北村,さかきたむら,20
M01765,麻績村,おみむら,20
M01766,坂井村,さかいむら,20
M01767,生坂村,いくさかむら,20
M01769,波田町,はたまち,20
M01770,山形村,やまがたむら,20
M01771,朝日村,あさひむら,20
M01772,筑北村,ちくほくむら,20
M01773,豊科町,とよしなまち,20
M01774,穂高町,ほたかまち,20
M01775,奈川村,ながわむら,20
M01776,安曇村,あづみむら,20
M01777,梓川村,あずさがわむら,20
M01778,三郷村,みさとむら,20
M01779,堀金村,ほりがねむら,20
M01780,池田町,いけだまち,20
M01781,松川村,まつかわむら,20
M01782,八坂村,やさかむら,20
M01783,美麻村,みあさむら,20
M01784,白馬村,はくばむら,20
M01785,小谷村,おたりむら,20
M01786,上山田町,かみやまだまち,20
M01787,大岡村,おおおかむら,20
M01788,坂城町,さかきまち,20
M01789,戸倉町,とぐらまち,20
M01790,小布施町,おぶせまち,20
M01791,東村,あずまむら,20
M01792,高山村,たかやまむら,20
M01793,山ノ内町,やまのうちまち,20
M01794,木島平村,きじまだいらむら,20
M01795,野沢温泉村,のざわおんせんむら,20
M01796,信州新町,しんしゅうしんまち,20
M01797,豊野町,とよのまち,20
M01798,信濃町,しなのまち,20
M01799,牟礼村,むれむら,20
M01800,三水村,さみずむら,20
M01801,戸隠村,とがくしむら,20
M01802,鬼無里村,きなさむら,20
M01803,小川村,おがわむら,20
M01804,中条村,なかじょうむら,20
M01805,飯綱町,いいづなまち,20
M01806,豊田村,とよたむら,20
M01807,栄村,さかえむら,20
M01808,岐阜市,ぎふし,21
M01809,大垣市,おおがきし,21
M01810,高山市,たかやまし,21
M01811,多治見市,たじみし,21
M01812,関市,せきし,21
M01813,中津川市,なかつがわし,21
M01814,美濃市,みのし,21
M01815,瑞浪市,みずなみし,21
M01816,羽島市,はしまし,21
M01817,恵那市,えなし,21
M01818,美濃加茂市,みのかもし,21
M01819,土岐市,ときし,21
M01820,各務原市,かかみがはらし,21
M01821,可児市,かにし,21
M01822,山県市,やまがたし,21
M01823,瑞穂市,みずほし,21
M01824,飛騨市,ひだし,21
M01825,本巣市,もとすし,21
M01826,郡上市,ぐじょうし,21
M01827,下呂市,げろし,21
M01828,海津市,かいづし,21
M01829,川島町,かわしまちょう,21
M01830,岐南町,ぎなんちょう,21
M01831,笠松町,かさまつちょう,21
M01832,柳津町,やないづちょう,21
M01833,海津町,かいづちょう,21
M01834,平田町,ひらたちょう,21
M01835,南濃町,なんのうちょう,21
M01836,養老町,ようろうちょう,21
M01837,上石津町,かみいしづちょう,21
M01838,垂井町,たるいちょう,21
M01839,関ケ原町,せきがはらちょう,21
M01840,神戸町,ごうどちょう,21
M01841,輪之内町,わのうちちょう,21
M01842,安八町,あんぱちちょう,21
M01843,墨俣町,すのまたちょう,21
M01844,揖斐川町,いびがわちょう,21
M01845,谷汲村,たにぐみむら,21
M01846,大野町,おおのちょう,21
M01847,池田町,いけだちょう,21
M01848,春日村,かすがむら,21
M01849,久瀬村,くぜむら,21
M01850,藤橋村,ふじはしむら,21
M01851,坂内村,さかうちむら,21
M01852,徳山村,とくやまむら,21
M01853,北方町,きたがたちょう,21
M01854,本巣町,もとすちょう,21
M01855,穂積町,ほづみちょう,21
M01856,巣南町,すなみちょう,21
M01857,真正町,しんせいちょう,21
M01858,糸貫町,いとぬきちょう,21
M01859,根尾村,ねおむら,21
M01860,高富町,たかとみちょう,21
M01861,伊自良村,いじらむら,21
M01862,美山町,みやまちょう,21
M01863,洞戸村,ほらどむら,21
M01864,板取村,いたどりむら,21
M01865,武芸川町,むげがわちょう,21
M01867,武儀町,むぎちょう,21
M01868,上之保村,かみのほむら,21
M01869,八幡町,はちまんちょう,21
M01871,大和町,やまとちょう,21
M01872,白鳥町,しろとりちょう,21
M01873,高鷲村,たかすむら,21
M01874,美並村,みなみむら,21
M01876,明宝村,めいほうむら,21
M01878,和良村,わらむら,21
M01879,坂祝町,さかほぎちょう,21
M01881,富加町,とみかちょう,21
M01882,川辺町,かわべちょう,21
M01884,七宗町,ひちそうちょう,21
M01885,八百津町,やおつちょう,21
M01886,白川町,しらかわちょう,21
M01887,東白川村,ひがししらかわむら,21
M01888,御嵩町,みたけちょう,21
M01890,兼山町,かねやまちょう,21
M01891,笠原町,かさはらちょう,21
M01892,坂下町,さかしたちょう,21
M01893,川上村,かわうえむら,21
M01894,加子母村,かしもむら,21
M01895,付知町,つけちちょう,21
M01896,福岡町,ふくおかちょう,21
M01897,蛭川村,ひるかわむら,21
M01898,岩村町,いわむらちょう,21
M01899,山岡町,やまおかちょう,21
M01900,明智町,あけちちょう,21
M01901,串原村,くしはらむら,21
M01902,上矢作町,かみやはぎちょう,21
M01903,萩原町,はぎわらちょう,21
M01904,小坂町,おさかちょう,21
M01905,下呂町,げろちょう,21
M01906,金山町,かなやまちょう,21
M01907,馬瀬村,まぜむら,21
M01908,丹生川村,にゅうかわむら,21
M01909,清見村,きよみむら,21
M01910,荘川村,しょうかわむら,21
M01911,白川村,しらかわむら,21
M01912,宮村,みやむら,21
M01913,久々野町,くぐのちょう,21
M01914,朝日村,あさひむら,21
M01915,高根村,たかねむら,21
M01916,古川町,ふるかわちょう,21
M01917,国府町,こくふちょう,21
M01918,河合村,かわいむら,21
M01919,宮川村,みやがわむら,21
M01920,神岡町,かみおかちょう,21
M01921,上宝村,かみたからむら,21
M01922,静岡市,しずおかし,22
M01923,浜松市,はままつし,22
M01924,沼津市,ぬまづし,22
M01925,清水市,しみずし,22
M01926,熱海市,あたみし,22
M01927,三島市,みしまし,22
M01928,富士宮市,ふじのみやし,22
M01929,伊東市,いとうし,22
M01930,島田市,しまだし,22
M01931,富士市,ふじし,22
M01932,磐田市,いわたし,22
M01933,焼津市,やいづし,22
M01934,掛川市,かけがわし,22
M01935,藤枝市,ふじえだし,22
M01936,御殿場市,ごてんばし,22
M01937,袋井市,ふくろいし,22
M01938,天竜市,てんりゅうし,22
M01939,浜北市,はまきたし,22
M01940,下田市,しもだし,22
M01941,裾野市,すそのし,22
M01942,湖西市,こさいし,22
M01943,伊豆市,いずし,22
M01944,御前崎市,おまえざきし,22
M01945,菊川市,きくがわし,22
M01946,伊豆の国市,いずのくにし,22
M01947,牧之原市,まきのはらし,22
M01948,東伊豆町,ひがしいずちょう,22
M01949,河津町,かわづちょう,22
M01951,南伊豆町,みなみいずちょう,22
M01952,松崎町,まつざきちょう,22
M01953,西伊豆町,にしいずちょう,22
M01954,賀茂村,かもむら,22
M01955,伊豆長岡町,いずながおかちょう,22
M01956,修善寺町,しゅぜんじちょう,22
M01957,戸田村,へだむら,22
M01958,土肥町,といちょう,22
M01959,函南町,かんなみちょう,22
M01960,韮山町,にらやまちょう,22
M01961,大仁町,おおひとちょう,22
M01962,天城湯ケ島町,あまぎゆがしまちょう,22
M01963,中伊豆町,なかいずちょう,22
M01964,清水町,しみずちょう,22
M01965,長泉町,ながいずみちょう,22
M01967,小山町,おやまちょう,22
M01968,芝川町,しばかわちょう,22
M01969,富士川町,ふじかわちょう,22
M01970,蒲原町,かんばらちょう,22
M01971,由比町,ゆいちょう,22
M01972,岡部町,おかべちょう,22
M01973,大井川町,おおいがわちょう,22
M01974,御前崎町,おまえざきちょう,22
M01975,相良町,さがらちょう,22
M01976,榛原町,はいばらちょう,22
M01977,吉田町,よしだちょう,22
M01978,金谷町,かなやちょう,22
M01979,川根町,かわねちょう,22
M01980,中川根町,なかかわねちょう,22
M01981,本川根町,ほんかわねちょう,22
M01982,川根本町,かわねほんちょう,22
M01983,城東村,きとうむら,22
M01984,大須賀町,おおすかちょう,22
M01985,大浜町,おおはまちょう,22
M01986,浜岡町,はまおかちょう,22
M01987,小笠町,おがさちょう,22
M01988,菊川町,きくがわちょう,22
M01989,大東町,だいとうちょう,22
M01990,森町,もりまち,22
M01991,春野町,はるのちょう,22
M01992,浅羽町,あさばちょう,22
M01993,福田町,ふくでちょう,22
M01994,竜洋町,りゅうようちょう,22
M01996,豊田町,とよだちょう,22
M01997,豊岡村,とよおかむら,22
M01998,龍山村,たつやまむら,22
M01999,佐久間町,さくまちょう,22
M02000,水窪町,みさくぼちょう,22
M02001,可美村,かみむら,22
M02002,舞阪町,まいさかちょう,22
M02003,新居町,あらいちょう,22
M02005,雄踏町,ゆうとうちょう,22
M02006,細江町,ほそえちょう,22
M02007,引佐町,いなさちょう,22
M02008,三ケ日町,みっかびちょう,22
M02009,名古屋市,なごやし,23
M02010,豊橋市,とよはしし,23
M02011,岡崎市,おかざきし,23
M02012,一宮市,いちのみやし,23
M02013,瀬戸市,せとし,23
M02014,半田市,はんだし,23
M02015,春日井市,かすがいし,23
M02016,豊川市,とよかわし,23
M02017,津島市,つしまし,23
M02018,碧南市,へきなんし,23
M02019,刈谷市,かりやし,23
M02020,豊田市,とよたし,23
M02021,安城市,あんじょうし,23
M02022,西尾市,にしおし,23
M02023,蒲郡市,がまごおりし,23
M02024,犬山市,いぬやまし,23
M02025,常滑市,とこなめし,23
M02026,江南市,こうなんし,23
M02027,尾西市,びさいし,23
M02028,小牧市,こまきし,23
M02029,稲沢市,いなざわし,23
M02030,新城市,しんしろし,23
M02031,東海市,とうかいし,23
M02032,大府市,おおぶし,23
M02033,知多市,ちたし,23
M02034,知立市,ちりゅうし,23
M02035,尾張旭市,おわりあさひし,23
M02036,高浜市,たかはまし,23
M02037,岩倉市,いわくらし,23
M02038,豊明市,とよあけし,23
M02039,日進市,にっしんし,23
M02040,田原市,たはらし,23
M02041,愛西市,あいさいし,23
M02042,清須市,きよすし,23
M02043,北名古屋市,きたなごやし,23
M02044,弥富市,やとみし,23
M02045,みよし市,みよしし,23
M02046,あま市,あまし,23
M02047,長久手市,ながくてし,23
M02049,東郷町,とうごうちょう,23
M02054,西枇杷島町,にしびわじまちょう,23
M02056,豊山町,とよやまちょう,23
M02057,師勝町,しかつちょう,23
M02058,西春町,にしはるちょう,23
M02060,春日町,はるひちょう,23
M02061,清洲町,きよすちょう,23
M02062,新川町,しんかわちょう,23
M02063,大口町,おおぐちちょう,23
M02064,扶桑町,ふそうちょう,23
M02066,木曽川町,きそがわちょう,23
M02067,祖父江町,そぶえちょう,23
M02068,平和町,へいわちょう,23
M02069,七宝町,しっぽうちょう,23
M02070,美和町,みわちょう,23
M02071,甚目寺町,じもくじちょう,23
M02073,大治町,おおはるちょう,23
M02074,蟹江町,かにえちょう,23
M02075,十四山村,じゅうしやまむら,23
M02076,飛島村,とびしまむら,23
M02078,佐屋町,さやちょう,23
M02079,立田村,たつたむら,23
M02080,八開村,はちかいむら,23
M02081,佐織町,さおりちょう,23
M02082,阿久比町,あぐいちょう,23
M02083,東浦町,ひがしうらちょう,23
M02086,南知多町,みなみちたちょう,23
M02087,美浜町,みはまちょう,23
M02088,武豊町,たけとよちょう,23
M02091,一色町,いっしきちょう,23
M02092,吉良町,きらちょう,23
M02093,幡豆町,はずちょう,23
M02094,幸田町,こうたちょう,23
M02095,額田町,ぬかたちょう,23
M02099,藤岡町,ふじおかちょう,23
M02100,小原村,おばらむら,23
M02101,足助町,あすけちょう,23
M02102,下山村,しもやまむら,23
M02103,旭町,あさひちょう,23
M02104,稲武町,いなぶちょう,23
M02105,設楽町,したらちょう,23
M02106,東栄町,とうえいちょう,23
M02107,豊根村,とよねむら,23
M02108,富山村,とみやまむら,23
M02109,津具村,つぐむら,23
M02111,鳳来町,ほうらいちょう,23
M02112,作手村,つくでむら,23
M02113,音羽町,おとわちょう,23
M02114,一宮町,いちのみやちょう,23
M02115,小坂井町,こざかいちょう,23
M02116,御津町,みとちょう,23
M02118,赤羽根町,あかばねちょう,23
M02119,渥美町,あつみちょう,23
M02120,津市,つし,24
M02121,四日市市,よっかいちし,24
M02122,伊勢市,いせし,24
M02123,松阪市,まつさかし,24
M02124,桑名市,くわなし,24
M02125,上野市,うえのし,24
M02126,鈴鹿市,すずかし,24
M02127,名張市,なばりし,24
M02128,尾鷲市,おわせし,24
M02129,亀山市,かめやまし,24
M02130,鳥羽市,とばし,24
M02131,熊野市,くまのし,24
M02132,久居市,ひさいし,24
M02133,いなべ市,いなべし,24
M02134,志摩市,しまし,24
M02135,伊賀市,いがし,24
M02136,多度町,たどちょう,24
M02137,長島町,ながしまちょう,24
M02139,木曽岬町,きそさきちょう,24
M02140,北勢町,ほくせいちょう,24
M02141,員弁町,いなべちょう,24
M02142,大安町,だいあんちょう,24
M02143,東員町,とういんちょう,24
M02144,藤原町,ふじわらちょう,24
M02145,菰野町,こものちょう,24
M02146,楠町,くすちょう,24
M02147,朝日町,あさひちょう,24
M02148,川越町,かわごえちょう,24
M02149,関町,せきちょう,24
M02150,河芸町,かわげちょう,24
M02151,芸濃町,げいのうちょう,24
M02152,美里村,みさとむら,24
M02154,安濃町,あのうちょう,24
M02155,豊里村,とよさとむら,24
M02157,香良洲町,からすちょう,24
M02158,一志町,いちしちょう,24
M02159,白山町,はくさんちょう,24
M02160,嬉野町,うれしのちょう,24
M02161,美杉村,みすぎむら,24
M02163,三雲町,みくもちょう,24
M02164,飯南町,いいなんちょう,24
M02165,飯高町,いいたかちょう,24
M02166,多気町,たきちょう,24
M02167,明和町,めいわちょう,24
M02168,大台町,おおだいちょう,24
M02169,勢和村,せいわむら,24
M02170,宮川村,みやがわむら,24
M02171,玉城町,たまきちょう,24
M02172,二見町,ふたみちょう,24
M02173,小俣町,おばたちょう,24
M02174,南勢町,なんせいちょう,24
M02175,南島町,なんとうちょう,24
M02176,大宮町,おおみやちょう,24
M02177,紀勢町,きせいちょう,24
M02178,御薗村,みそのむら,24
M02179,大内山村,おおうちやまむら,24
M02180,度会町,わたらいちょう,24
M02181,大紀町,たいきちょう,24
M02182,南伊勢町,みなみいせちょう,24
M02183,伊賀町,いがちょう,24
M02184,島ヶ原村,しまがはらむら,24
M02185,阿山町,あやまちょう,24
M02186,大山田村,おおやまだむら,24
M02187,青山町,あおやまちょう,24
M02188,浜島町,はまじまちょう,24
M02189,大王町,だいおうちょう,24
M02190,志摩町,しまちょう,24
M02191,阿児町,あごちょう,24
M02192,磯部町,いそべちょう,24
M02193,紀伊長島町,きいながしまちょう,24
M02195,海山町,みやまちょう,24
M02196,紀北町,きほくちょう,24
M02197,御浜町,みはまちょう,24
M02198,紀宝町,きほうちょう,24
M02199,紀和町,きわちょう,24
M02200,鵜殿村,うどのむら,24
M02201,大津市,おおつし,25
M02202,彦根市,ひこねし,25
M02203,長浜市,ながはまし,25
M02204,近江八幡市,おうみはちまんし,25
M02205,八日市市,ようかいちし,25
M02206,草津市,くさつし,25
M02207,守山市,もりやまし,25
M02208,栗東市,りっとうし,25
M02209,甲賀市,こうかし,25
M02210,野洲市,やすし,25
M02211,湖南市,こなんし,25
M02212,高島市,たかしまし,25
M02213,東近江市,ひがしおうみし,25
M02214,米原市,まいばらし,25
M02215,志賀町,しがちょう,25
M02218,中主町,ちゅうずちょう,25
M02219,野洲町,やすちょう,25
M02220,石部町,いしべちょう,25
M02221,甲西町,こうせいちょう,25
M02222,水口町,みなくちちょう,25
M02223,土山町,つちやまちょう,25
M02224,甲賀町,こうかちょう,25
M02225,甲南町,こうなんちょう,25
M02226,信楽町,しがらきちょう,25
M02227,安土町,あづちちょう,25
M02228,蒲生町,がもうちょう,25
M02229,日野町,ひのちょう,25
M02230,竜王町,りゆうおうちょう,25
M02231,永源寺町,えいげんじちょう,25
M02232,五個荘町,ごかしょうちょう,25
M02233,能登川町,のとがわちょう,25
M02235,愛東町,あいとうちょう,25
M02236,湖東町,ことうちょう,25
M02237,秦荘町,はたしょうちょう,25
M02238,愛知川町,えちがわちょう,25
M02239,愛荘町,あいしょうちょう,25
M02241,豊郷町,とよさとちょう,25
M02242,甲良町,こうらちょう,25
M02243,多賀町,たがちょう,25
M02244,山東町,さんとうちょう,25
M02246,伊吹町,いぶきちょう,25
M02247,米原町,まいはらちょう,25
M02248,近江町,おうみちょう,25
M02249,浅井町,あざいちょう,25
M02250,虎姫町,とらひめちょう,25
M02251,湖北町,こほくちょう,25
M02253,びわ町,びわちょう,25
M02254,高月町,たかつきちょう,25
M02255,木之本町,きのもとちょう,25
M02257,余呉町,よごちょう,25
M02259,西浅井町,にしあざいちょう,25
M02260,マキノ町,まきのちょう,25
M02261,今津町,いまづちょう,25
M02262,朽木村,くつきむら,25
M02263,安曇川町,あどがわちょう,25
M02264,高島町,たかしまちょう,25
M02265,新旭町,しんあさひちょう,25
M02266,京都市,きょうとし,26
M02267,福知山市,ふくちやまし,26
M02268,舞鶴市,まいづるし,26
M02269,綾部市,あやべし,26
M02270,宇治市,うじし,26
M02271,宮津市,みやづし,26
M02272,亀岡市,かめおかし,26
M02273,城陽市,じょうようし,26
M02274,向日市,むこうし,26
M02275,長岡京市,ながおかきょうし,26
M02276,八幡市,やわたし,26
M02277,京田辺市,きょうたなべし,26
M02278,京丹後市,きょうたんごし,26
M02279,南丹市,なんたんし,26
M02280,木津川市,きづがわし,26
M02282,長岡町,ながおかちょう,26
M02283,大山崎町,おおやまざきちょう,26
M02285,久御山町,くみやまちょう,26
M02288,井手町,いでちょう,26
M02289,宇治田原町,うじたわらちょう,26
M02290,山城町,やましろちょう,26
M02291,木津町,きづちょう,26
M02292,加茂町,かもちょう,26
M02293,笠置町,かさぎちょう,26
M02294,和束町,わづかちょう,26
M02295,精華町,せいかちょう,26
M02296,南山城村,みなみやましろむら,26
M02297,京北町,けいほくちょう,26
M02298,美山町,みやまちょう,26
M02299,園部町,そのべちょう,26
M02300,八木町,やぎちょう,26
M02301,丹波町,たんばちょう,26
M02302,日吉町,ひよしちょう,26
M02303,瑞穂町,みずほちょう,26
M02304,和知町,わちちょう,26
M02305,京丹波町,きょうたんばちょう,26
M02306,三和町,みわちょう,26
M02307,夜久野町,やくのちょう,26
M02308,大江町,おおえちょう,26
M02309,加悦町,かやちょう,26
M02310,岩滝町,いわたきちょう,26
M02311,伊根町,いねちょう,26
M02312,野田川町,のだがわちょう,26
M02313,与謝野町,よさのちょう,26
M02314,峰山町,みねやまちょう,26
M02315,大宮町,おおみやちょう,26
M02316,網野町,あみのちょう,26
M02317,丹後町,たんごちょう,26
M02318,弥栄町,やさかちょう,26
M02319,久美浜町,くみはまちょう,26
M02320,大阪市,おおさかし,27
M02321,堺市,さかいし,27
M02322,岸和田市,きしわだし,27
M02323,豊中市,とよなかし,27
M02324,池田市,いけだし,27
M02325,吹田市,すいたし,27
M02326,泉大津市,いずみおおつし,27
M02327,高槻市,たかつきし,27
M02328,貝塚市,かいづかし,27
M02329,守口市,もりぐちし,27
M02330,枚方市,ひらかたし,27
M02331,茨木市,いばらきし,27
M02332,八尾市,やおし,27
M02333,泉佐野市,いずみさのし,27
M02334,富田林市,とんだばやしし,27
M02335,寝屋川市,ねやがわし,27
M02336,河内長野市,かわちながのし,27
M02337,松原市,まつばらし,27
M02338,大東市,だいとうし,27
M02339,和泉市,いずみし,27
M02340,箕面市,みのおし,27
M02341,柏原市,かしわらし,27
M02342,羽曳野市,はびきのし,27
M02343,門真市,かどまし,27
M02344,摂津市,せっつし,27
M02345,高石市,たかいしし,27
M02346,藤井寺市,ふじいでらし,27
M02347,東大阪市,ひがしおおさかし,27
M02348,泉南市,せんなんし,27
M02349,四條畷市,しじょうなわてし,27
M02350,交野市,かたのし,27
M02351,大阪狭山市,おおさかさやまし,27
M02352,阪南市,はんなんし,27
M02353,島本町,しまもとちょう,27
M02355,豊能町,とよのちょう,27
M02356,能勢町,のせちょう,27
M02357,忠岡町,ただおかちょう,27
M02358,熊取町,くまとりちょう,27
M02359,田尻町,たじりちょう,27
M02361,南海町,なんかいちょう,27
M02362,東鳥取町,ひがしとっとりちょう,27
M02363,岬町,みさきちょう,27
M02365,太子町,たいしちょう,27
M02366,河南町,かなんちょう,27
M02367,千早赤阪村,ちはやあかさかむら,27
M02369,美原町,みはらちょう,27
M02372,神戸市,こうべし,28
M02373,姫路市,ひめじし,28
M02374,尼崎市,あまがさきし,28
M02375,明石市,あかしし,28
M02376,西宮市,にしのみやし,28
M02377,洲本市,すもとし,28
M02378,芦屋市,あしやし,28
M02379,伊丹市,いたみし,28
M02380,相生市,あいおいし,28
M02381,豊岡市,とよおかし,28
M02382,加古川市,かこがわし,28
M02383,龍野市,たつのし,28
M02384,赤穂市,あこうし,28
M02385,西脇市,にしわきし,28
M02386,宝塚市,たからづかし,28
M02387,三木市,みきし,28
M02388,高砂市,たかさごし,28
M02389,川西市,かわにしし,28
M02390,小野市,おのし,28
M02391,三田市,さんだし,28
M02392,加西市,かさいし,28
M02393,丹波篠山市,たんばささやまし,28
M02395,養父市,やぶし,28
M02396,丹波市,たんばし,28
M02397,南あわじ市,みなみあわじし,28
M02398,朝来市,あさごし,28
M02399,淡路市,あわじし,28
M02400,宍粟市,しそうし,28
M02401,加東市,かとうし,28
M02402,たつの市,たつのし,28
M02403,猪名川町,いながわちょう,28
M02404,吉川町,よかわちょう,28
M02405,社町,やしろちょう,28
M02406,滝野町,たきのちょう,28
M02407,東条町,とうじょうちょう,28
M02408,中町,なかちょう,28
M02409,加美町,かみちょう,28
M02410,八千代町,やちよちょう,28
M02411,黒田庄町,くろだしょうちょう,28
M02412,多可町,たかちょう,28
M02413,稲美町,いなみちょう,28
M02414,播磨町,はりまちょう,28
M02415,志方町,しかたちょう,28
M02416,家島町,いえしまちょう,28
M02417,夢前町,ゆめさきちょう,28
M02418,神崎町,かんざきちょう,28
M02419,市川町,いちかわちょう,28
M02420,福崎町,ふくさきちょう,28
M02421,香寺町,こうでらちょう,28
M02422,大河内町,おおかわちちょう,28
M02423,神河町,かみかわちょう,28
M02424,新宮町,しんぐうちょう,28
M02425,揖保川町,いぼがわちょう,28
M02426,御津町,みつちょう,28
M02427,太子町,たいしちょう,28
M02428,上郡町,かみごおりちょう,28
M02429,佐用町,さようちょう,28
M02430,上月町,こうづきちょう,28
M02431,南光町,なんこうちょう,28
M02432,三日月町,みかづきちょう,28
M02433,山崎町,やまさきちょう,28
M02434,安富町,やすとみちょう,28
M02435,一宮町,いちのみやちょう,28
M02436,波賀町,はがちょう,28
M02437,千種町,ちくさちょう,28
M02438,城崎町,きのさきちょう,28
M02439,竹野町,たけのちょう,28
M02440,香住町,かすみちょう,28
M02441,日高町,ひだかちょう,28
M02442,出石町,いずしちょう,28
M02443,但東町,たんとうちょう,28
M02444,村岡町,むらおかちょう,28
M02445,浜坂町,はまさかちょう,28
M02446,美方町,みかたちょう,28
M02447,温泉町,おんせんちょう,28
M02448,香美町,かみちょう,28
M02449,新温泉町,しんおんせんちょう,28
M02450,八鹿町,ようかちょう,28
M02451,養父町,やぶちょう,28
M02452,大屋町,おおやちょう,28
M02453,関宮町,せきのみやちょう,28
M02454,生野町,いくのちょう,28
M02455,和田山町,わだやまちょう,28
M02456,山東町,さんとうちょう,28
M02457,朝来町,あさごちょう,28
M02458,柏原町,かいばらちょう,28
M02459,氷上町,ひかみちょう,28
M02460,青垣町,あおがきちょう,28
M02461,春日町,かすがちょう,28
M02462,山南町,さんなんちょう,28
M02463,市島町,いちじまちょう,28
M02464,篠山町,ささやまちょう,28
M02465,城東町,じょうとうちょう,28
M02466,多紀町,たきちょう,28
M02467,西紀町,にしきちょう,28
M02468,丹南町,たんなんちょう,28
M02469,今田町,こんだちょう,28
M02470,津名町,つなちょう,28
M02471,淡路町,あわじちょう,28
M02472,北淡町,ほくだんちょう,28
M02473,一宮町,いちのみやちょう,28
M02474,五色町,ごしきちょう,28
M02475,東浦町,ひがしうらちょう,28
M02476,緑町,みどりちょう,28
M02477,西淡町,せいだんちょう,28
M02478,三原町,みはらちょう,28
M02479,南淡町,なんだんちょう,28
M02480,奈良市,ならし,29
M02481,大和高田市,やまとたかだし,29
M02482,大和郡山市,やまとこおりやまし,29
M02483,天理市,てんりし,29
M02484,橿原市,かしはらし,29
M02485,桜井市,さくらいし,29
M02486,五條市,ごじょうし,29
M02487,御所市,ごせし,29
M02488,生駒市,いこまし,29
M02489,香芝市,かしばし,29
M02490,葛城市,かつらぎし,29
M02491,宇陀市,うだし,29
M02492,月ケ瀬村,つきがせむら,29
M02493,都祁村,つげむら,29
M02494,山添村,やまぞえむら,29
M02497,平群町,へぐりちょう,29
M02498,三郷町,さんごうちょう,29
M02499,斑鳩町,いかるがちょう,29
M02501,安堵町,あんどちょう,29
M02503,川西町,かわにしちょう,29
M02505,三宅町,みやけちょう,29
M02506,田原本町,たわらもとちょう,29
M02507,大宇陀町,おおうだちょう,29
M02508,菟田野町,うたのちょう,29
M02509,榛原町,はいばらちょう,29
M02510,室生村,むろうむら,29
M02511,曽爾村,そにむら,29
M02512,御杖村,みつえむら,29
M02513,高取町,たかとりちょう,29
M02514,明日香村,あすかむら,29
M02515,新庄町,しんじょうちょう,29
M02516,當麻町,たいまちょう,29
M02519,上牧町,かんまきちょう,29
M02520,王寺町,おうじちょう,29
M02521,広陵町,こうりようちょう,29
M02523,河合町,かわいちょう,29
M02524,吉野町,よしのちょう,29
M02525,大淀町,おおよどちょう,29
M02526,下市町,しもいちちょう,29
M02527,黒滝村,くろたきむら,29
M02528,西吉野村,にしよしのむら,29
M02529,天川村,てんかわむら,29
M02530,野迫川村,のせがわむら,29
M02531,大塔村,おおとうむら,29
M02532,十津川村,とつかわむら,29
M02533,下北山村,しもきたやまむら,29
M02534,上北山村,かみきたやまむら,29
M02535,川上村,かわかみむら,29
M02536,東吉野村,ひがしよしのむら,29
M02537,和歌山市,わかやまし,30
M02538,海南市,かいなんし,30
M02539,橋本市,はしもとし,30
M02540,有田市,ありだし,30
M02541,御坊市,ごぼうし,30
M02542,田辺市,たなべし,30
M02543,新宮市,しんぐうし,30
M02544,紀の川市,きのかわし,30
M02545,岩出市,いわでし,30
M02546,下津町,しもつちょう,30
M02547,野上町,のかみちょう,30
M02548,美里町,みさとちょう,30
M02549,紀美野町,きみのちょう,30
M02550,打田町,うちたちょう,30
M02551,粉河町,こかわちょう,30
M02552,那賀町,ながちょう,30
M02553,桃山町,ももやまちょう,30
M02554,貴志川町,きしがわちょう,30
M02556,かつらぎ町,かつらぎちょう,30
M02557,高野口町,こうやぐちちょう,30
M02558,九度山町,くどやまちょう,30
M02559,高野町,こうやちょう,30
M02560,花園村,はなぞのむら,30
M02561,湯浅町,ゆあさちょう,30
M02562,広川町,ひろがわちょう,30
M02563,吉備町,きびちょう,30
M02564,金屋町,かなやちょう,30
M02565,清水町,しみずちょう,30
M02566,有田川町,ありだがわちょう,30
M02567,美浜町,みはまちょう,30
M02568,日高町,ひだかちょう,30
M02569,由良町,ゆらちょう,30
M02570,川辺町,かわべちょう,30
M02571,中津村,なかつむら,30
M02572,美山村,みやまむら,30
M02573,龍神村,りゅうじんむら,30
M02574,南部川村,みなべがわむら,30
M02575,南部町,みなべちょう,30
M02576,印南町,いなみちょう,30
M02577,みなべ町,みなべちょう,30
M02578,日高川町,ひだかがわちょう,30
M02579,白浜町,しらはまちょう,30
M02580,中辺路町,なかへちちょう,30
M02581,大塔村,おおとうむら,30
M02582,上富田町,かみとんだちょう,30
M02583,日置川町,ひきがわちょう,30
M02584,すさみ町,すさみちょう,30
M02585,串本町,くしもとちょう,30
M02586,那智勝浦町,なちかつうらちょう,30
M02587,太地町,たいじちょう,30
M02588,古座町,こざちょう,30
M02589,古座川町,こざがわちょう,30
M02590,熊野川町,くまのがわちょう,30
M02591,本宮町,ほんぐうちょう,30
M02592,北山村,きたやまむら,30
M02593,串本町,くしもとちょう,30
M02594,鳥取市,とっとりし,31
M02595,米子市,よなごし,31
M02596,倉吉市,くらよしし,31
M02597,境港市,さかいみなとし,31
M02598,国府町,こくふちょう,31
M02599,岩美町,いわみちょう,31
M02600,福部村,ふくべそん,31
M02601,郡家町,こおげちょう,31
M02602,船岡町,ふなおかちょう,31
M02603,河原町,かわはらちょう,31
M02604,八東町,はっとうちょう,31
M02605,若桜町,わかさちょう,31
M02606,用瀬町,もちがせちょう,31
M02607,佐治村,さじそん,31
M02608,智頭町,ちづちょう,31
M02609,八頭町,やずちょう,31
M02610,気高町,けたかちょう,31
M02611,鹿野町,しかのちょう,31
M02612,青谷町,あおやちょう,31
M02613,羽合町,はわいちょう,31
M02614,泊村,とまりそん,31
M02615,東郷町,とうごうちょう,31
M02616,三朝町,みささちょう,31
M02617,関金町,せきがねちょう,31
M02618,北条町,ほうじょうちょう,31
M02619,大栄町,だいえいちょう,31
M02620,東伯町,とうはくちょう,31
M02621,赤碕町,あかさきちょう,31
M02622,湯梨浜町,ゆりはまちょう,31
M02623,琴浦町,ことうらちょう,31
M02624,北栄町,ほくえいちょう,31
M02625,西伯町,さいはくちょう,31
M02626,会見町,あいみちょう,31
M02627,岸本町,きしもとちょう,31
M02628,日吉津村,ひえづそん,31
M02629,淀江町,よどえちょう,31
M02630,大山町,だいせんちょう,31
M02631,名和町,なわちょう,31
M02632,中山町,なかやまちょう,31
M02633,南部町,なんぶちょう,31
M02634,伯耆町,ほうきちょう,31
M02635,日南町,にちなんちょう,31
M02636,日野町,ひのちょう,31
M02637,江府町,こうふちょう,31
M02638,溝口町,みぞくちちょう,31
M02639,松江市,まつえし,32
M02640,浜田市,はまだし,32
M02641,出雲市,いずもし,32
M02642,益田市,ますだし,32
M02643,大田市,おおだし,32
M02644,安来市,やすぎし,32
M02645,江津市,ごうつし,32
M02646,平田市,ひらたし,32
M02647,雲南市,うんなんし,32
M02648,鹿島町,かしまちょう,32
M02649,島根町,しまねちょう,32
M02650,美保関町,みほのせきちょう,32
M02651,東出雲町,ひがしいずもちょう,32
M02652,八雲村,やくもむら,32
M02653,玉湯町,たまゆちょう,32
M02654,宍道町,しんじちょう,32
M02655,八束町,やつかちょう,32
M02656,広瀬町,ひろせまち,32
M02657,伯太町,はくたちょう,32
M02658,仁多町,にたちょう,32
M02659,横田町,よこたちょう,32
M02660,奥出雲町,おくいずもちょう,32
M02661,大東町,だいとうちょう,32
M02662,加茂町,かもまち,32
M02663,木次町,きすきちょう,32
M02664,三刀屋町,みとやちょう,32
M02665,吉田村,よしだむら,32
M02666,掛合町,かけやまち,32
M02667,頓原町,とんばらちょう,32
M02668,赤来町,あかぎちょう,32
M02669,飯南町,いいなんちょう,32
M02670,斐川町,ひかわちょう,32
M02671,佐田町,さだちょう,32
M02672,多伎町,たきちょう,32
M02673,湖陵町,こりょうちょう,32
M02674,大社町,たいしゃまち,32
M02675,温泉津町,ゆのつまち,32
M02676,仁摩町,にまちょう,32
M02677,川本町,かわもとまち,32
M02678,邑智町,おおちちょう,32
M02679,大和村,だいわむら,32
M02680,羽須美村,はすみむら,32
M02681,瑞穂町,みずほちょう,32
M02682,石見町,いわみちょう,32
M02683,桜江町,さくらえちょう,32
M02684,美郷町,みさとちょう,32
M02685,邑南町,おおなんちょう,32
M02686,金城町,かなぎちょう,32
M02687,旭町,あさひちょう,32
M02688,弥栄村,やさかむら,32
M02689,三隅町,みすみちょう,32
M02690,美都町,みとちょう,32
M02691,匹見町,ひきみちょう,32
M02692,津和野町,つわのちょう,32
M02693,日原町,にちはらちょう,32
M02694,柿木村,かきのきむら,32
M02695,六日市町,むいかいちちょう,32
M02696,吉賀町,よしかちょう,32
M02697,西郷町,さいごうちょう,32
M02698,布施村,ふせむら,32
M02699,五箇村,ごかむら,32
M02700,都万村,つまむら,32
M02701,海士町,あまちょう,32
M02702,西ノ島町,にしのしまちょう,32
M02703,知夫村,ちぶむら,32
M02704,隠岐の島町,おきのしまちょう,32
M02705,岡山市,おかやまし,33
M02706,倉敷市,くらしきし,33
M02707,津山市,つやまし,33
M02708,玉野市,たまのし,33
M02709,笠岡市,かさおかし,33
M02710,井原市,いばらし,33
M02711,総社市,そうじゃし,33
M02712,高梁市,たかはしし,33
M02713,新見市,にいみし,33
M02714,備前市,びぜんし,33
M02715,瀬戸内市,せとうちし,33
M02716,赤磐市,あかいわし,33
M02717,真庭市,まにわし,33
M02718,美作市,みまさかし,33
M02719,浅口市,あさくちし,33
M02720,御津町,みつちょう,33
M02721,一宮町,いちのみやちょう,33
M02722,建部町,たけべちょう,33
M02723,津高町,つだかちょう,33
M02724,加茂川町,かもがわちょう,33
M02725,瀬戸町,せとちょう,33
M02726,山陽町,さんようちょう,33
M02727,赤坂町,あかさかちょう,33
M02728,熊山町,くまやまちょう,33
M02729,吉井町,よしいちょう,33
M02730,備前町,びぜんちょう,33
M02731,日生町,ひなせちょう,33
M02732,三石町,みついしちょう,33
M02733,吉永町,よしながちょう,33
M02734,佐伯町,さえきちょう,33
M02735,和気町,わけちょう,33
M02736,牛窓町,うしまどちょう,33
M02737,邑久町,おくちょう,33
M02738,長船町,おさふねちょう,33
M02739,上道町,じょうとうちょう,33
M02740,灘崎町,なださきちょう,33
M02741,興除村,こうじょそん,33
M02742,藤田村,ふじたむら,33
M02743,東児町,とうじちょう,33
M02744,吉備町,きびちょう,33
M02745,茶屋町,ちゃやちょう,33
M02746,早島町,はやしまちょう,33
M02747,妹尾町,せのおちょう,33
M02748,庄村,しょうそん,33
M02749,福田村,ふくだそん,33
M02750,山手村,やまてそん,33
M02751,清音村,きよねそん,33
M02752,船穂町,ふなおちょう,33
M02753,金光町,こんこうちょう,33
M02754,鴨方町,かもがたちょう,33
M02755,寄島町,よりしまちょう,33
M02756,里庄町,さとしょうちょう,33
M02757,矢掛町,やかげちょう,33
M02758,美星町,びせいちょう,33
M02759,芳井町,よしいちょう,33
M02760,高松町,たかまつちょう,33
M02761,足守町,あしもりちょう,33
M02762,真備町,まびちょう,33
M02763,昭和町,しょうわちょう,33
M02764,有漢町,うかんちょう,33
M02765,北房町,ほくぼうちょう,33
M02766,賀陽町,かようちょう,33
M02767,成羽町,なりわちょう,33
M02768,川上町,かわかみちょう,33
M02769,備中町,びっちゅうちょう,33
M02770,大佐町,おおさちょう,33
M02771,神郷町,しんごうちょう,33
M02772,哲多町,てったちょう,33
M02773,哲西町,てっせいちょう,33
M02774,勝山町,かつやまちょう,33
M02775,落合町,おちあいちょう,33
M02776,湯原町,ゆばらちょう,33
M02777,久世町,くせちょう,33
M02778,美甘村,みかもそん,33
M02779,新庄村,しんじようそん,33
M02780,川上村,かわかみそん,33
M02781,八束村,やつかそん,33
M02782,中和村,ちゅうかそん,33
M02783,加茂町,かもちょう,33
M02784,富村,とみそん,33
M02785,奥津町,おくつちょう,33
M02786,上齋原村,かみさいばらそん,33
M02787,阿波村,あばそん,33
M02788,鏡野町,かがみのちょう,33
M02789,勝田町,かつたちょう,33
M02790,勝央町,しょうおうちょう,33
M02791,奈義町,なぎちょう,33
M02792,勝北町,しょうぼくちょう,33
M02793,大原町,おおはらちょう,33
M02794,東粟倉村,ひがしあわくらそん,33
M02795,西粟倉村,にしあわくらそん,33
M02796,美作町,みまさかちょう,33
M02797,作東町,さくとうちょう,33
M02798,英田町,あいだちょう,33
M02799,中央町,ちゅうおうちょう,33
M02800,旭町,あさひちょう,33
M02801,久米南町,くめなんちょう,33
M02802,久米町,くめちょう,33
M02803,柵原町,やなはらちょう,33
M02804,美咲町,みさきちょう,33
M02805,吉備中央町,きびちゅうおうちょう,33
M02806,広島市,ひろしまし,34
M02807,呉市,くれし,34
M02808,竹原市,たけはらし,34
M02809,三原市,みはらし,34
M02810,尾道市,おのみちし,34
M02811,因島市,いんのしまし,34
M02812,福山市,ふくやまし,34
M02813,府中市,ふちゅうし,34
M02814,三次市,みよしし,34
M02815,庄原市,しょうばらし,34
M02816,大竹市,おおたけし,34
M02817,東広島市,ひがしひろしまし,34
M02818,廿日市市,はつかいちし,34
M02819,安芸高田市,あきたかたし,34
M02820,江田島市,えたじまし,34
M02821,安芸町,あきちょう,34
M02822,府中町,ふちゅうちょう,34
M02823,船越町,ふなこしちょう,34
M02824,海田町,かいたちょう,34
M02825,瀬野川町,せのがわちょう,34
M02826,熊野跡村,くまのあとむら,34
M02827,熊野町,くまのちょう,34
M02828,矢野町,やのちょう,34
M02829,坂町,さかちょう,34
M02830,江田島町,えたじまちょう,34
M02831,音戸町,おんどちょう,34
M02832,倉橋町,くらはしちょう,34
M02833,下蒲刈町,しもかまがりちょう,34
M02834,蒲刈町,かまがりちょう,34
M02835,五日市町,いつかいちちょう,34
M02837,大野町,おおのちょう,34
M02838,湯来町,ゆきちょう,34
M02839,佐伯町,さえきちょう,34
M02840,吉和村,よしわむら,34
M02841,宮島町,みやじまちょう,34
M02842,能美町,のうみちょう,34
M02843,沖美町,おきみちょう,34
M02844,大柿町,おおがきちょう,34
M02845,祇園町,ぎおんちょう,34
M02846,安古市町,やすふるいちちょう,34
M02847,佐東町,さとうちょう,34
M02848,沼田町,ぬまたちょう,34
M02849,安佐町,あさちょう,34
M02850,可部町,かべちょう,34
M02851,高陽町,こうようちょう,34
M02852,加計町,かけちょう,34
M02853,筒賀村,つつがそん,34
M02854,戸河内町,とごうちちょう,34
M02855,芸北町,げいほくちょう,34
M02856,大朝町,おおあさちょう,34
M02857,千代田町,ちよだちょう,34
M02858,豊平町,とよひらちょう,34
M02859,安芸太田町,あきおおたちょう,34
M02860,北広島町,きたひろしまちょう,34
M02861,吉田町,よしだちょう,34
M02862,八千代町,やちよちょう,34
M02863,美土里町,みどりちょう,34
M02864,高宮町,たかみやちょう,34
M02865,甲田町,こうだちょう,34
M02866,向原町,むかいはらちょう,34
M02867,白木町,しらきちょう,34
M02868,西条町,さいじょうちょう,34
M02869,黒瀬町,くろせちょう,34
M02870,八本松町,はちほんまつちょう,34
M02871,志和町,しわちょう,34
M02872,福富町,ふくとみちょう,34
M02873,豊栄町,とよさかちょう,34
M02874,大和町,だいわちょう,34
M02875,河内町,こうちちょう,34
M02876,高屋町,たかやちょう,34
M02877,本郷町,ほんごうちょう,34
M02878,安芸津町,あきつちょう,34
M02879,安浦町,やすうらちょう,34
M02880,川尻町,かわじりちょう,34
M02881,豊浜町,とよはまちょう,34
M02882,豊町,ゆたかまち,34
M02883,大崎町,おおさきちょう,34
M02884,東野町,ひがしのちょう,34
M02885,木江町,きのえちょう,34
M02886,瀬戸田町,せとだちょう,34
M02887,大崎上島町,おおさきかみじまちょう,34
M02888,御調町,みつぎちょう,34
M02889,久井町,くいちょう,34
M02890,向島町,むかいしまちょう,34
M02891,甲山町,こうざんちょう,34
M02892,世羅町,せらちょう,34
M02893,世羅西町,せらにしちょう,34
M02894,内海町,うつみちょう,34
M02895,沼隈町,ぬまくまちょう,34
M02896,神辺町,かんなべちょう,34
M02897,加茂町,かもちょう,34
M02898,協和村,きょうわそん,34
M02899,芦田町,あしだちょう,34
M02900,駅家町,えきやちょう,34
M02901,新市町,しんいちちょう,34
M02902,油木町,ゆきちょう,34
M02903,神石町,じんせきちょう,34
M02904,豊松村,とよまつそん,34
M02905,三和町,さんわちょう,34
M02906,神石高原町,じんせきこうげんちょう,34
M02907,上下町,じょうげちょう,34
M02908,総領町,そうりょうちょう,34
M02909,甲奴町,こうぬちょう,34
M02910,君田村,きみたそん,34
M02911,布野村,ふのそん,34
M02912,作木村,さくぎそん,34
M02913,吉舎町,きさちょう,34
M02914,三良坂町,みらさかちょう,34
M02915,三和町,みわちょう,34
M02916,西城町,さいじょうちょう,34
M02917,東城町,とうじょうちょう,34
M02918,口和町,くちわちょう,34
M02919,高野町,たかのちょう,34
M02920,比和町,ひわちょう,34
M02921,下関市,しものせきし,35
M02922,宇部市,うべし,35
M02923,山口市,やまぐちし,35
M02924,萩市,はぎし,35
M02925,徳山市,とくやまし,35
M02926,防府市,ほうふし,35
M02927,下松市,くだまつし,35
M02928,岩国市,いわくにし,35
M02929,小野田市,おのだし,35
M02930,光市,ひかりし,35
M02931,長門市,ながとし,35
M02932,柳井市,やないし,35
M02933,美祢市,みねし,35
M02934,新南陽市,しんなんようし,35
M02935,周南市,しゅうなんし,35
M02936,山陽小野田市,さんようおのだし,35
M02937,久賀町,くかちょう,35
M02938,大島町,おおしまちょう,35
M02939,東和町,とうわちょう,35
M02940,橘町,たちばなちょう,35
M02941,周防大島町,すおうおおしまちょう,35
M02943,和木町,わきちょう,35
M02944,由宇町,ゆうちょう,35
M02945,玖珂町,くがちょう,35
M02946,本郷村,ほんごうそん,35
M02947,周東町,しゅうとうちょう,35
M02948,錦町,にしきちょう,35
M02950,大畠町,おおばたけちょう,35
M02951,美川町,みかわちょう,35
M02952,美和町,みわちょう,35
M02953,上関町,かみのせきちょう,35
M02955,大和町,やまとちょう,35
M02956,田布施町,たぶせちょう,35
M02957,平生町,ひらおちょう,35
M02958,熊毛町,くまげちょう,35
M02959,鹿野町,かのちょう,35
M02961,徳地町,とくぢちょう,35
M02962,秋穂町,あいおちょう,35
M02963,小郡町,おごおりちょう,35
M02964,阿知須町,あじすちょう,35
M02965,楠町,くすのきちょう,35
M02966,山陽町,さんようちょう,35
M02967,菊川町,きくがわちょう,35
M02968,豊田町,とよたちょう,35
M02969,豊浦町,とようらちょう,35
M02970,豊北町,ほうほくちょう,35
M02971,美東町,みとうちょう,35
M02972,秋芳町,しゅうほうちょう,35
M02973,三隅町,みすみちょう,35
M02975,日置町,へきちょう,35
M02976,油谷町,ゆやちょう,35
M02977,川上村,かわかみそん,35
M02978,阿武町,あぶちょう,35
M02979,田万川町,たまがわちょう,35
M02980,阿東町,あとうちょう,35
M02981,むつみ村,むつみそん,35
M02982,須佐町,すさちょう,35
M02983,旭村,あさひそん,35
M02984,福栄村,ふくえそん,35
M02985,徳島市,とくしまし,36
M02986,鳴門市,なるとし,36
M02987,小松島市,こまつしまし,36
M02988,阿南市,あなんし,36
M02989,吉野川市,よしのがわし,36
M02990,阿波市,あわし,36
M02991,美馬市,みまし,36
M02992,三好市,みよしし,36
M02993,勝浦町,かつうらちょう,36
M02994,上勝町,かみかつちょう,36
M02995,佐那河内村,さなごうちそん,36
M02996,石井町,いしいちょう,36
M02997,神山町,かみやまちょう,36
M02998,那賀川町,なかがわちょう,36
M02999,羽ノ浦町,はのうらちょう,36
M03000,鷲敷町,わじきちょう,36
M03001,相生町,あいおいちょう,36
M03002,上那賀町,かみなかちょう,36
M03003,木沢村,きさわそん,36
M03004,木頭村,きとうそん,36
M03005,那賀町,なかちょう,36
M03006,由岐町,ゆきちょう,36
M03007,日和佐町,ひわさちょう,36
M03008,牟岐町,むぎちょう,36
M03009,海南町,かいなんちょう,36
M03010,海部町,かいふちょう,36
M03011,宍喰町,ししくいちょう,36
M03012,美波町,みなみちょう,36
M03013,海陽町,かいようちょう,36
M03014,松茂町,まつしげちょう,36
M03015,北島町,きたじまちょう,36
M03016,藍住町,あいずみちょう,36
M03017,板野町,いたのちょう,36
M03018,上板町,かみいたちょう,36
M03019,吉野町,よしのちょう,36
M03020,土成町,どなりちょう,36
M03021,市場町,いちばちょう,36
M03022,阿波町,あわちょう,36
M03023,鴨島町,かもじまちょう,36
M03024,川島町,かわしまちょう,36
M03025,山川町,やまかわちょう,36
M03026,美郷村,みさとそん,36
M03028,脇町,わきまち,36
M03029,美馬町,みまちょう,36
M03030,半田町,はんだちょう,36
M03031,貞光町,さだみつちょう,36
M03032,一宇村,いちうそん,36
M03033,穴吹町,あなぶきちょう,36
M03034,木屋平村,こやだいらそん,36
M03035,つるぎ町,つるぎちょう,36
M03036,三野町,みのちょう,36
M03037,三好町,みよしちょう,36
M03038,池田町,いけだちょう,36
M03039,山城町,やましろちょう,36
M03040,井川町,いかわちょう,36
M03041,三加茂町,みかもちょう,36
M03042,東祖谷山村,ひがしいややまそん,36
M03043,西祖谷山村,にしいややまそん,36
M03044,東みよし町,ひがしみよしちょう,36
M03045,高松市,たかまつし,37
M03046,丸亀市,まるがめし,37
M03047,坂出市,さかいでし,37
M03048,善通寺市,ぜんつうじし,37
M03049,観音寺市,かんおんじし,37
M03050,さぬき市,さぬきし,37
M03051,東かがわ市,ひがしかがわし,37
M03052,三豊市,みとよし,37
M03053,引田町,ひけたちょう,37
M03054,白鳥町,しろとりちょう,37
M03055,大内町,おおちちょう,37
M03056,津田町,つだちょう,37
M03057,大川町,おおかわちょう,37
M03058,志度町,しどちょう,37
M03059,寒川町,さんがわちょう,37
M03060,長尾町,ながおちょう,37
M03061,内海町,うちのみちょう,37
M03062,土庄町,とのしょうちょう,37
M03063,池田町,いけだちょう,37
M03064,小豆島町,しょうどしまちょう,37
M03065,三木町,みきちょう,37
M03066,牟礼町,むれちょう,37
M03067,庵治町,あじちょう,37
M03068,塩江町,しおのえちょう,37
M03069,香川町,かがわちょう,37
M03070,香南町,こうなんちょう,37
M03071,直島町,なおしまちょう,37
M03072,綾上町,あやかみちょう,37
M03073,綾南町,りょうなんちょう,37
M03074,国分寺町,こくぶんじちょう,37
M03075,綾歌町,あやうたちょう,37
M03076,飯山町,はんざんちょう,37
M03077,宇多津町,うたづちょう,37
M03078,綾川町,あやがわちょう,37
M03079,琴南町,ことなみちょう,37
M03080,満濃町,まんのうちょう,37
M03081,琴平町,ことひらちょう,37
M03082,多度津町,たどつちょう,37
M03083,仲南町,ちゅうなんちょう,37
M03084,まんのう町,まんのうちょう,37
M03085,高瀬町,たかせちょう,37
M03086,山本町,やまもとちょう,37
M03087,三野町,みのちょう,37
M03088,大野原町,おおのはらちょう,37
M03089,豊中町,とよなかちょう,37
M03090,詫間町,たくまちょう,37
M03091,仁尾町,におちょう,37
M03092,豊浜町,とよはまちょう,37
M03093,財田町,さいたちょう,37
M03094,松山市,まつやまし,38
M03095,今治市,いまばりし,38
M03096,宇和島市,うわじまし,38
M03097,八幡浜市,やわたはまし,38
M03098,新居浜市,にいはまし,38
M03099,西条市,さいじょうし,38
M03100,大洲市,おおずし,38
M03101,川之江市,かわのえし,38
M03102,伊予三島市,いよみしまし,38
M03103,伊予市,いよし,38
M03104,北条市,ほうじょうし,38
M03105,東予市,とうよし,38
M03106,四国中央市,しこくちゅうおうし,38
M03107,西予市,せいよし,38
M03108,東温市,とうおんし,38
M03109,新宮村,しんぐうむら,38
M03110,土居町,どいちょう,38
M03111,別子山村,べっしやまむら,38
M03112,小松町,こまつちょう,38
M03113,壬生川町,にゅうがわちょう,38
M03114,丹原町,たんばらちょう,38
M03115,三芳町,みよしちょう,38
M03117,朝倉村,あさくらむら,38
M03118,玉川町,たまがわちょう,38
M03119,波方町,なみかたちょう,38
M03120,大西町,おおにしちょう,38
M03121,菊間町,きくまちょう,38
M03122,吉海町,よしうみちょう,38
M03123,宮窪町,みやくぼちょう,38
M03124,伯方町,はかたちょう,38
M03125,魚島村,うおしまむら,38
M03126,弓削町,ゆげちょう,38
M03127,生名村,いきなむら,38
M03128,岩城村,いわぎむら,38
M03129,上浦町,かみうらちょう,38
M03130,大三島町,おおみしまちょう,38
M03131,関前村,せきぜんむら,38
M03132,上島町,かみじまちょう,38
M03133,重信町,しげのぶちょう,38
M03134,川内町,かわうちちょう,38
M03135,中島町,なかじまちょう,38
M03136,久万町,くまちょう,38
M03137,面河村,おもごむら,38
M03138,美川村,みかわむら,38
M03139,柳谷村,やなだにむら,38
M03140,小田町,おだちょう,38
M03141,久万高原町,くまこうげんちょう,38
M03142,松前町,まさきちょう,38
M03143,砥部町,とべちょう,38
M03144,広田村,ひろたむら,38
M03145,中山町,なかやまちょう,38
M03146,双海町,ふたみちょう,38
M03147,長浜町,ながはまちょう,38
M03148,内子町,うちこちょう,38
M03149,五十崎町,いかざきちょう,38
M03150,肱川町,ひじかわちょう,38
M03151,河辺村,かわべむら,38
M03152,保内町,ほないちょう,38
M03153,伊方町,いかたちょう,38
M03154,瀬戸町,せとちょう,38
M03155,三崎町,みさきちょう,38
M03156,三瓶町,みかめちょう,38
M03157,明浜町,あけはまちょう,38
M03158,宇和町,うわちょう,38
M03159,野村町,のむらちょう,38
M03160,城川町,しろかわちょう,38
M03161,吉田町,よしだちょう,38
M03162,三間町,みまちょう,38
M03163,広見町,ひろみちょう,38
M03164,松野町,まつのちょう,38
M03165,日吉村,ひよしむら,38
M03166,津島町,つしまちょう,38
M03167,宇和海村,うわうみむら,38
M03168,鬼北町,きほくちょう,38
M03169,内海村,うちうみむら,38
M03170,御荘町,みしょうちょう,38
M03171,城辺町,じょうへんちょう,38
M03172,一本松町,いっぽんまつちょう,38
M03173,西海町,にしうみちょう,38
M03174,愛南町,あいなんちょう,38
M03175,高知市,こうちし,39
M03176,室戸市,むろとし,39
M03177,安芸市,あきし,39
M03178,南国市,なんこくし,39
M03179,土佐市,とさし,39
M03180,須崎市,すさきし,39
M03181,中村市,なかむらし,39
M03182,宿毛市,すくもし,39
M03183,土佐清水市,とさしみずし,39
M03184,四万十市,しまんとし,39
M03185,香南市,こうなんし,39
M03186,香美市,かみし,39
M03187,東洋町,とうようちょう,39
M03188,奈半利町,なはりちょう,39
M03189,田野町,たのちょう,39
M03190,安田町,やすだちょう,39
M03191,北川村,きたがわむら,39
M03192,馬路村,うまじむら,39
M03193,芸西村,げいせいむら,39
M03194,赤岡町,あかおかちょう,39
M03195,香我美町,かがみちょう,39
M03196,土佐山田町,とさやまだちょう,39
M03197,野市町,のいちちょう,39
M03198,夜須町,やすちょう,39
M03199,香北町,かほくちょう,39
M03200,吉川村,よしかわむら,39
M03201,物部村,ものべそん,39
M03202,本山町,もとやまちょう,39
M03203,大津村,おおつむら,39
M03204,介良村,けらむら,39
M03206,大豊町,おおとよちょう,39
M03207,鏡村,かがみむら,39
M03208,土佐山村,とさやまむら,39
M03209,土佐町,とさちょう,39
M03210,大川村,おおかわむら,39
M03211,本川村,ほんがわむら,39
M03212,伊野町,いのちょう,39
M03213,池川町,いけがわちょう,39
M03214,春野町,はるのちょう,39
M03215,吾川村,あがわむら,39
M03216,吾北村,ごほくそん,39
M03217,いの町,いのちょう,39
M03218,仁淀川町,によどがわちょう,39
M03219,中土佐町,なかとさちょう,39
M03220,佐川町,さかわちょう,39
M03221,越知町,おちちょう,39
M03222,窪川町,くぼかわちょう,39
M03223,梼原町,ゆすはらちょう,39
M03224,大野見村,おおのみそん,39
M03225,東津野村,ひがしつのむら,39
M03226,葉山村,はやまむら,39
M03227,仁淀村,によどむら,39
M03228,日高村,ひだかむら,39
M03229,津野町,つのちょう,39
M03230,四万十町,しまんとちょう,39
M03231,佐賀町,さがちょう,39
M03232,大正町,たいしょうちょう,39
M03233,大方町,おおがたちょう,39
M03234,大月町,おおつきちょう,39
M03235,十和村,とおわそん,39
M03236,西土佐村,にしとさむら,39
M03237,三原村,みはらむら,39
M03238,黒潮町,くろしおちょう,39
M03239,北九州市,きたきゅうしゅうし,40
M03240,福岡市,ふくおかし,40
M03241,大牟田市,おおむたし,40
M03242,久留米市,くるめし,40
M03243,直方市,のおがたし,40
M03244,飯塚市,いいづかし,40
M03245,田川市,たがわし,40
M03246,柳川市,やながわし,40
M03247,山田市,やまだし,40
M03248,甘木市,あまぎし,40
M03249,八女市,やめし,40
M03250,筑後市,ちくごし,40
M03251,大川市,おおかわし,40
M03252,行橋市,ゆくはしし,40
M03253,豊前市,ぶぜんし,40
M03254,中間市,なかまし,40
M03255,小郡市,おごおりし,40
M03256,筑紫野市,ちくしのし,40
M03257,春日市,かすがし,40
M03258,大野城市,おおのじょうし,40
M03259,宗像市,むなかたし,40
M03260,太宰府市,だざいふし,40
M03261,前原市,まえばるし,40
M03262,古賀市,こがし,40
M03263,福津市,ふくつし,40
M03264,うきは市,うきはし,40
M03265,宮若市,みやわかし,40
M03266,嘉麻市,かまし,40
M03267,朝倉市,あさくらし,40
M03268,みやま市,みやまし,40
M03269,糸島市,いとしまし,40
M03270,那珂川市,なかがわし,40
M03274,大野町,おおのまち,40
M03276,早良町,さわらまち,40
M03277,宇美町,うみまち,40
M03278,篠栗町,ささぐりまち,40
M03279,志免町,しめまち,40
M03280,須恵町,すえまち,40
M03281,新宮町,しんぐうまち,40
M03282,志賀町,しかまち,40
M03284,久山町,ひさやままち,40
M03285,粕屋町,かすやまち,40
M03287,福間町,ふくままち,40
M03288,津屋崎町,つやざきまち,40
M03289,玄海町,げんかいまち,40
M03290,大島村,おおしまむら,40
M03291,芦屋町,あしやまち,40
M03292,水巻町,みずまきまち,40
M03293,岡垣町,おかがきまち,40
M03294,遠賀町,おんがちょう,40
M03295,小竹町,こたけまち,40
M03296,鞍手町,くらてまち,40
M03297,宮田町,みやたまち,40
M03298,若宮町,わかみやまち,40
M03299,桂川町,けいせんまち,40
M03300,稲築町,いなつきまち,40
M03301,碓井町,うすいまち,40
M03302,嘉穂町,かほまち,40
M03303,筑穂町,ちくほまち,40
M03304,穂波町,ほなみまち,40
M03305,庄内町,しょうないまち,40
M03306,頴田町,かいたまち,40
M03307,杷木町,はきまち,40
M03308,朝倉町,あさくらまち,40
M03309,三輪町,みわまち,40
M03310,夜須町,やすまち,40
M03311,小石原村,こいしわらむら,40
M03312,宝珠山村,ほうしゅやまむら,40
M03313,筑前町,ちくぜんまち,40
M03314,東峰村,とうほうむら,40
M03316,二丈町,にじょうまち,40
M03317,志摩町,しままち,40
M03318,吉井町,よしいまち,40
M03319,田主丸町,たぬしまるまち,40
M03320,浮羽町,うきはまち,40
M03321,北野町,きたのまち,40
M03323,大刀洗町,たちあらいまち,40
M03324,城島町,じょうじままち,40
M03325,大木町,おおきまち,40
M03326,三潴町,みづままち,40
M03327,黒木町,くろぎまち,40
M03328,上陽町,じょうようまち,40
M03329,立花町,たちばなまち,40
M03330,広川町,ひろかわまち,40
M03331,矢部村,やべむら,40
M03332,星野村,ほしのむら,40
M03333,瀬高町,せたかまち,40
M03334,大和町,やまとまち,40
M03335,三橋町,みつはしまち,40
M03336,山川町,やまかわまち,40
M03337,高田町,たかたまち,40
M03338,香春町,かわらまち,40
M03339,添田町,そえだまち,40
M03340,金田町,かなだまち,40
M03341,糸田町,いとだまち,40
M03342,川崎町,かわさきまち,40
M03343,赤池町,あかいけまち,40
M03344,方城町,ほうじょうまち,40
M03345,大任町,おおとうまち,40
M03346,赤村,あかむら,40
M03347,福智町,ふくちまち,40
M03348,苅田町,かんだまち,40
M03349,犀川町,さいがわまち,40
M03350,勝山町,かつやままち,40
M03351,豊津町,とよつまち,40
M03352,みやこ町,みやこまち,40
M03353,椎田町,しいだまち,40
M03354,吉富町,よしとみまち,40
M03355,築城町,ついきまち,40
M03356,新吉富村,しんよしとみむら,40
M03357,大平村,たいへいむら,40
M03358,上毛町,こうげまち,40
M03359,築上町,ちくじょうまち,40
M03360,佐賀市,さがし,41
M03361,唐津市,からつし,41
M03362,鳥栖市,とすし,41
M03363,多久市,たくし,41
M03364,伊万里市,いまりし,41
M03365,武雄市,たけおし,41
M03366,鹿島市,かしまし,41
M03367,小城市,おぎし,41
M03368,嬉野市,うれしのし,41
M03369,神埼市,かんざきし,41
M03370,諸富町,もろどみちょう,41
M03371,川副町,かわそえまち,41
M03372,東与賀町,ひがしよかちょう,41
M03373,久保田町,くぼたちょう,41
M03374,大和町,やまとちょう,41
M03375,富士町,ふじちょう,41
M03376,神埼町,かんざきまち,41
M03377,千代田町,ちよだちょう,41
M03378,三田川町,みたがわちょう,41
M03379,東脊振村,ひがしせふりそん,41
M03380,脊振村,せふりむら,41
M03381,三瀬村,みつせむら,41
M03382,吉野ヶ里町,よしのがりちょう,41
M03383,基山町,きやまちょう,41
M03385,中原町,なかばるちょう,41
M03386,北茂安町,きたしげやすちょう,41
M03387,三根町,みねちょう,41
M03389,上峰町,かみみねちょう,41
M03390,みやき町,みやきちょう,41
M03391,小城町,おぎまち,41
M03392,三日月町,みかつきちょう,41
M03393,牛津町,うしづちょう,41
M03394,芦刈町,あしかりちょう,41
M03395,浜玉町,はまたまちょう,41
M03396,七山村,ななやまむら,41
M03397,厳木町,きゅうらぎまち,41
M03398,相知町,おうちちょう,41
M03399,北波多村,きたはたむら,41
M03400,肥前町,ひぜんちょう,41
M03401,玄海町,げんかいちょう,41
M03402,鎮西町,ちんぜいちょう,41
M03403,呼子町,よぶこちょう,41
M03404,有田町,ありたちょう,41
M03405,西有田町,にしありたちょう,41
M03406,山内町,やまうちちょう,41
M03407,北方町,きたがたまち,41
M03408,大町町,おおまちちょう,41
M03409,江北町,こうほくまち,41
M03410,白石町,しろいしちょう,41
M03411,福富町,ふくどみまち,41
M03412,有明町,ありあけちょう,41
M03413,太良町,たらちょう,41
M03414,塩田町,しおたちょう,41
M03415,嬉野町,うれしのまち,41
M03416,長崎市,ながさきし,42
M03417,佐世保市,させぼし,42
M03418,島原市,しまばらし,42
M03419,諫早市,いさはやし,42
M03420,大村市,おおむらし,42
M03421,福江市,ふくえし,42
M03422,平戸市,ひらどし,42
M03423,松浦市,まつうらし,42
M03424,対馬市,つしまし,42
M03425,壱岐市,いきし,42
M03426,五島市,ごとうし,42
M03427,西海市,さいかいし,42
M03428,雲仙市,うんぜんし,42
M03429,南島原市,みなみしまばらし,42
M03430,香焼町,こうやぎちょう,42
M03431,伊王島町,いおうじまちょう,42
M03432,高島町,たかしまちょう,42
M03433,野母崎町,のもざきちょう,42
M03434,三和町,さんわちょう,42
M03435,多良見町,たらみちょう,42
M03436,長与町,ながよちょう,42
M03437,時津町,とぎつちょう,42
M03438,琴海町,きんかいちょう,42
M03439,西彼町,せいひちょう,42
M03440,西海町,さいかいちょう,42
M03441,大島町,おおしまちょう,42
M03442,崎戸町,さきとちょう,42
M03443,大瀬戸町,おおせとちょう,42
M03444,外海町,そとめちょう,42
M03445,三重村,みえそん,42
M03446,東彼杵町,ひがしそのぎちょう,42
M03447,川棚町,かわたなちょう,42
M03448,波佐見町,はさみちょう,42
M03449,森山町,もりやまちょう,42
M03450,飯盛町,いいもりちょう,42
M03451,高来町,たかきちょう,42
M03452,小長井町,こながいちょう,42
M03453,有明町,ありあけちょう,42
M03454,国見町,くにみちょう,42
M03455,瑞穂町,みずほちょう,42
M03456,吾妻町,あづまちょう,42
M03457,愛野町,あいのまち,42
M03458,千々石町,ちぢわちょう,42
M03459,小浜町,おばまちょう,42
M03460,南串山町,みなみくしやまちょう,42
M03461,加津佐町,かづさまち,42
M03462,口之津町,くちのつちょう,42
M03463,南有馬町,みなみありまちょう,42
M03464,北有馬町,きたありまちょう,42
M03465,西有家町,にしありえちょう,42
M03466,有家町,ありえちょう,42
M03467,布津町,ふつちょう,42
M03468,深江町,ふかえちょう,42
M03469,大島村,おおしまむら,42
M03470,生月町,いきつきちょう,42
M03471,小値賀町,おぢかちょう,42
M03472,宇久町,うくまち,42
M03473,田平町,たびらちょう,42
M03474,福島町,ふくしまちょう,42
M03476,鷹島町,たかしまちょう,42
M03477,江迎町,えむかえちょう,42
M03478,鹿町町,しかまちちょう,42
M03479,小佐々町,こさざちょう,42
M03480,佐々町,さざちょう,42
M03481,吉井町,よしいちょう,42
M03482,世知原町,せちばるちょう,42
M03483,富江町,とみえちょう,42
M03484,玉之浦町,たまのうらちょう,42
M03485,三井楽町,みいらくちょう,42
M03486,岐宿町,きしくちょう,42
M03487,奈留町,なるちょう,42
M03488,若松町,わかまつちょう,42
M03489,上五島町,かみごとうちょう,42
M03490,新魚目町,しんうおのめちょう,42
M03491,有川町,ありかわちょう,42
M03492,奈良尾町,ならおちょう,42
M03493,新上五島町,しんかみごとうちょう,42
M03494,郷ノ浦町,ごうのうらちょう,42
M03495,勝本町,かつもとちょう,42
M03496,芦辺町,あしべちょう,42
M03498,石田町,いしだちょう,42
M03499,厳原町,いづはらまち,42
M03500,美津島町,みつしまちょう,42
M03502,豊玉町,とよたまちょう,42
M03504,峰町,みねちょう,42
M03505,上県町,かみあがたちょう,42
M03506,上対馬町,かみつしまちょう,42
M03507,熊本市,くまもとし,43
M03508,八代市,やつしろし,43
M03509,人吉市,ひとよしし,43
M03510,荒尾市,あらおし,43
M03511,水俣市,みなまたし,43
M03512,玉名市,たまなし,43
M03513,本渡市,ほんどし,43
M03514,山鹿市,やまがし,43
M03515,牛深市,うしぶかし,43
M03516,菊池市,きくちし,43
M03517,宇土市,うとし,43
M03518,上天草市,かみあまくさし,43
M03519,宇城市,うきし,43
M03520,阿蘇市,あそし,43
M03521,天草市,あまくさし,43
M03522,合志市,こうしし,43
M03523,北部町,ほくぶまち,43
M03526,飽田町,あきたまち,43
M03528,天明町,てんめいまち,43
M03529,託麻村,たくまむら,43
M03530,三角町,みすみまち,43
M03531,不知火町,しらぬひまち,43
M03532,城南町,じょうなんまち,43
M03534,富合町,とみあいまち,43
M03535,松橋町,まつばせまち,43
M03536,小川町,おがわまち,43
M03538,豊野町,とよのまち,43
M03540,中央町,ちゅうおうまち,43
M03541,砥用町,ともちまち,43
M03542,美里町,みさとまち,43
M03543,岱明町,たいめいまち,43
M03544,横島町,よこしままち,43
M03545,天水町,てんすいまち,43
M03546,玉東町,ぎょくとうまち,43
M03547,菊水町,きくすいまち,43
M03548,三加和町,みかわまち,43
M03549,南関町,なんかんまち,43
M03550,長洲町,ながすまち,43
M03551,和水町,なごみまち,43
M03552,鹿北町,かほくまち,43
M03553,菊鹿町,きくかまち,43
M03554,鹿本町,かもとまち,43
M03555,鹿央町,かおうまち,43
M03556,植木町,うえきまち,43
M03557,七城町,しちじょうまち,43
M03558,旭志村,きょくしむら,43
M03559,大津町,おおづまち,43
M03560,菊陽町,きくようまち,43
M03561,合志町,こうしまち,43
M03562,泗水町,しすいまち,43
M03563,西合志町,にしごうしまち,43
M03564,一の宮町,いちのみやまち,43
M03565,阿蘇町,あそまち,43
M03566,南小国町,みなみおぐにまち,43
M03567,小国町,おぐにまち,43
M03568,産山村,うぶやまむら,43
M03569,波野村,なみのそん,43
M03570,蘇陽町,そようまち,43
M03571,高森町,たかもりまち,43
M03572,白水村,はくすいむら,43
M03573,久木野村,くぎのむら,43
M03574,長陽村,ちょうようむら,43
M03575,西原村,にしはらむら,43
M03576,南阿蘇村,みなみあそむら,43
M03577,御船町,みふねまち,43
M03578,嘉島町,かしままち,43
M03579,益城町,ましきまち,43
M03580,甲佐町,こうさまち,43
M03581,矢部町,やべまち,43
M03582,清和村,せいわそん,43
M03583,山都町,やまとちょう,43
M03584,坂本村,さかもとむら,43
M03586,千丁町,せんちょうまち,43
M03587,鏡町,かがみまち,43
M03589,竜北町,りゅうほくまち,43
M03590,宮原町,みやはらまち,43
M03591,東陽村,とうようむら,43
M03592,泉村,いずみむら,43
M03593,氷川町,ひかわちょう,43
M03594,田浦町,たのうらまち,43
M03595,芦北町,あしきたまち,43
M03596,湯浦町,ゆのうらまち,43
M03597,津奈木町,つなぎまち,43
M03598,錦町,にしきまち,43
M03599,上村,うえむら,43
M03600,免田町,めんだまち,43
M03601,岡原村,おかはるむら,43
M03602,多良木町,たらぎまち,43
M03603,湯前町,ゆのまえまち,43
M03604,水上村,みずかみむら,43
M03605,須恵村,すえむら,43
M03606,深田村,ふかだむら,43
M03607,相良村,さがらむら,43
M03608,五木村,いつきむら,43
M03609,山江村,やまえむら,43
M03610,球磨村,くまむら,43
M03611,あさぎり町,あさぎりちょう,43
M03612,大矢野町,おおやのまち,43
M03613,松島町,まつしままち,43
M03614,有明町,ありあけまち,43
M03615,姫戸町,ひめどまち,43
M03616,龍ヶ岳町,りゅうがたけまち,43
M03617,御所浦町,ごしょうらまち,43
M03618,倉岳町,くらたけまち,43
M03619,栖本町,すもとまち,43
M03620,新和町,しんわまち,43
M03621,五和町,いつわまち,43
M03622,苓北町,れいほくまち,43
M03623,天草町,あまくさまち,43
M03624,河浦町,かわうらまち,43
M03625,大分市,おおいたし,44
M03626,別府市,べっぷし,44
M03627,中津市,なかつし,44
M03628,日田市,ひたし,44
M03629,佐伯市,さいきし,44
M03630,臼杵市,うすきし,44
M03631,津久見市,つくみし,44
M03632,竹田市,たけたし,44
M03633,豊後高田市,ぶんごたかだし,44
M03634,杵築市,きつきし,44
M03635,宇佐市,うさし,44
M03636,豊後大野市,ぶんごおおのし,44
M03637,由布市,ゆふし,44
M03638,国東市,くにさきし,44
M03639,大田村,おおたむら,44
M03640,真玉町,またままち,44
M03641,香々地町,かかぢちょう,44
M03642,国見町,くにみちょう,44
M03643,姫島村,ひめしまむら,44
M03644,国東町,くにさきまち,44
M03645,武蔵町,むさしまち,44
M03646,安岐町,あきまち,44
M03647,日出町,ひじまち,44
M03648,山香町,やまがまち,44
M03649,野津原町,のつはるまち,44
M03650,挾間町,はさままち,44
M03651,庄内町,しょうないちょう,44
M03652,湯布院町,ゆふいんちょう,44
M03653,佐賀関町,さがのせきまち,44
M03654,上浦町,かみうらまち,44
M03655,弥生町,やよいまち,44
M03656,本匠村,ほんじょうむら,44
M03657,宇目町,うめまち,44
M03658,直川村,なおかわそん,44
M03659,鶴見町,つるみまち,44
M03660,米水津村,よのうづむら,44
M03661,蒲江町,かまえちょう,44
M03662,野津町,のつまち,44
M03663,三重町,みえまち,44
M03664,清川村,きよかわむら,44
M03665,緒方町,おがたまち,44
M03666,朝地町,あさじまち,44
M03667,大野町,おおのまち,44
M03668,千歳村,ちとせむら,44
M03669,犬飼町,いぬかいまち,44
M03670,荻町,おぎまち,44
M03671,久住町,くじゅうまち,44
M03672,直入町,なおいりまち,44
M03673,九重町,ここのえまち,44
M03674,玖珠町,くすまち,44
M03675,前津江村,まえつえむら,44
M03676,中津江村,なかつえむら,44
M03677,上津江村,かみつえむら,44
M03678,大山町,おおやままち,44
M03679,天瀬町,あまがせまち,44
M03680,三光村,さんこうむら,44
M03681,本耶馬溪町,ほんやばけいまち,44
M03682,耶馬渓町,やばけいまち,44
M03683,山国町,やまくにまち,44
M03684,院内町,いんないまち,44
M03685,安心院町,あじむまち,44
M03686,宮崎市,みやざきし,45
M03687,都城市,みやこのじょうし,45
M03688,延岡市,のべおかし,45
M03689,日南市,にちなんし,45
M03690,小林市,こばやしし,45
M03691,日向市,ひゅうがし,45
M03692,串間市,くしまし,45
M03693,西都市,さいとし,45
M03694,えびの市,えびのし,45
M03695,清武町,きよたけちょう,45
M03696,田野町,たのちょう,45
M03697,佐土原町,さどわらちょう,45
M03698,北郷町,きたごうちょう,45
M03699,南郷町,なんごうちょう,45
M03700,三股町,みまたちょう,45
M03701,山之口町,やまのくちちょう,45
M03702,高城町,たかじょうちょう,45
M03703,山田町,やまだちょう,45
M03704,高崎町,たかざきちょう,45
M03705,高原町,たかはるちょう,45
M03706,野尻町,のじりちょう,45
M03707,須木村,すきそん,45
M03709,高岡町,たかおかちょう,45
M03710,国富町,くにとみちょう,45
M03711,綾町,あやちょう,45
M03712,高鍋町,たかなべちょう,45
M03713,新富町,しんとみちょう,45
M03714,西米良村,にしめらそん,45
M03716,木城町,きじょうちょう,45
M03717,川南町,かわみなみちょう,45
M03718,都農町,つのちょう,45
M03719,門川町,かどがわちょう,45
M03720,東郷町,とうごうちょう,45
M03721,南郷村,なんごうそん,45
M03722,西郷村,さいごうそん,45
M03723,北郷村,きたごうそん,45
M03725,北方町,きたかたちょう,45
M03727,北川町,きたがわちょう,45
M03729,北浦町,きたうらちょう,45
M03730,諸塚村,もろつかそん,45
M03731,椎葉村,しいばそん,45
M03732,美郷町,みさとちょう,45
M03733,高千穂町,たかちほちょう,45
M03734,日之影町,ひのかげちょう,45
M03735,五ヶ瀬町,ごかせちょう,45
M03736,鹿児島市,かごしまし,46
M03737,川内市,せんだいし,46
M03738,鹿屋市,かのやし,46
M03739,枕崎市,まくらざきし,46
M03740,串木野市,くしきのし,46
M03741,阿久根市,あくねし,46
M03742,名瀬市,なぜし,46
M03743,出水市,いずみし,46
M03744,大口市,おおくちし,46
M03745,指宿市,いぶすきし,46
M03746,加世田市,かせだし,46
M03747,国分市,こくぶし,46
M03748,西之表市,にしのおもてし,46
M03749,垂水市,たるみずし,46
M03750,薩摩川内市,さつませんだいし,46
M03751,日置市,ひおきし,46
M03752,曽於市,そおし,46
M03753,霧島市,きりしまし,46
M03754,いちき串木野市,いちきくしきのし,46
M03755,南さつま市,みなみさつまし,46
M03756,志布志市,しぶしし,46
M03757,奄美市,あまみし,46
M03758,南九州市,みなみきゅうしゅうし,46
M03759,伊佐市,いさし,46
M03760,姶良市,あいらし,46
M03762,吉田町,よしだちょう,46
M03764,三島村,みしまむら,46
M03765,十島村,としまむら,46
M03766,喜入町,きいれちょう,46
M03767,山川町,やまがわちょう,46
M03768,頴娃町,えいちょう,46
M03769,開聞町,かいもんちょう,46
M03770,笠沙町,かささちょう,46
M03771,大浦町,おおうらちょう,46
M03772,坊津町,ぼうのつちょう,46
M03773,知覧町,ちらんちょう,46
M03774,川辺町,かわなべちょう,46
M03775,市来町,いちきちょう,46
M03776,東市来町,ひがしいちきちょう,46
M03777,伊集院町,いじゅういんちょう,46
M03778,松元町,まつもとちょう,46
M03779,郡山町,こおりやまちょう,46
M03780,日吉町,ひよしちょう,46
M03781,吹上町,ふきあげちょう,46
M03782,金峰町,きんぽうちょう,46
M03783,樋脇町,ひわきちょう,46
M03784,入来町,いりきちょう,46
M03785,東郷町,とうごうちょう,46
M03786,宮之城町,みやのじょうちょう,46
M03787,鶴田町,つるだちょう,46
M03788,薩摩町,さつまちょう,46
M03789,祁答院町,けどういんちょう,46
M03790,里村,さとむら,46
M03791,上甑村,かみこしきむら,46
M03792,下甑村,しもこしきそん,46
M03793,鹿島村,かしまむら,46
M03794,さつま町,さつまちょう,46
M03796,野田町,のだちょう,46
M03797,高尾野町,たかおのちょう,46
M03798,東町,あずまちょう,46
M03799,長島町,ながしまちょう,46
M03800,菱刈町,ひしかりちょう,46
M03801,加治木町,かじきちょう,46
M03802,姶良町,あいらちょう,46
M03803,蒲生町,かもうちょう,46
M03804,溝辺町,みぞべちょう,46
M03805,横川町,よこがわちょう,46
M03806,栗野町,くりのちょう,46
M03807,吉松町,よしまつちょう,46
M03808,牧園町,まきぞのちょう,46
M03809,霧島町,きりしまちょう,46
M03810,隼人町,はやとちょう,46
M03811,福山町,ふくやまちょう,46
M03812,湧水町,ゆうすいちょう,46
M03813,大隅町,おおすみちょう,46
M03814,輝北町,きほくちょう,46
M03815,財部町,たからべちょう,46
M03816,末吉町,すえよしちょう,46
M03817,松山町,まつやまちょう,46
M03818,志布志町,しぶしちょう,46
M03819,有明町,ありあけちょう,46
M03820,大崎町,おおさきちょう,46
M03821,串良町,くしらちょう,46
M03822,東串良町,ひがしくしらちょう,46
M03823,内之浦町,うちのうらちょう,46
M03824,高山町,こうやまちょう,46
M03825,吾平町,あいらちょう,46
M03826,大根占町,おおねじめちょう,46
M03827,根占町,ねじめちょう,46
M03828,田代町,たしろちょう,46
M03829,佐多町,さたちょう,46
M03830,錦江町,きんこうちょう,46
M03831,南大隅町,みなみおおすみちょう,46
M03832,肝付町,きもつきちょう,46
M03833,中種子町,なかたねちょう,46
M03834,南種子町,みなみたねちょう,46
M03835,上屋久町,かみやくちょう,46
M03836,屋久町,やくちょう,46
M03837,屋久島町,やくしまちょう,46
M03840,大和村,やまとそん,46
M03841,宇検村,うけんそん,46
M03842,瀬戸内町,せとうちちょう,46
M03843,住用村,すみようそん,46
M03845,龍郷町,たつごうちょう,46
M03846,笠利町,かさりちょう,46
M03847,喜界町,きかいちょう,46
M03848,徳之島町,とくのしまちょう,46
M03849,天城町,あまぎちょう,46
M03850,伊仙町,いせんちょう,46
M03851,和泊町,わどまりちょう,46
M03852,知名町,ちなちょう,46
M03853,与論町,よろんちょう,46
M03854,那覇市,なはし,47
M03855,石川市,いしかわし,47
M03856,具志川市,ぐしかわし,47
M03857,コザ市,こざし,47
M03858,宜野湾市,ぎのわんし,47
M03859,平良市,ひららし,47
M03860,石垣市,いしがきし,47
M03861,浦添市,うらそえし,47
M03862,名護市,なごし,47
M03863,糸満市,いとまんし,47
M03864,沖縄市,おきなわし,47
M03865,豊見城市,とみぐすくし,47
M03866,うるま市,うるまし,47
M03867,宮古島市,みやこじまし,47
M03868,南城市,なんじょうし,47
M03869,国頭村,くにがみそん,47
M03870,大宜味村,おおぎみそん,47
M03871,東村,ひがしそん,47
M03872,今帰仁村,なきじんそん,47
M03873,本部町,もとぶちょう,47
M03874,恩納村,おんなそん,47
M03875,宜野座村,ぎのざそん,47
M03877,金武町,きんちょう,47
M03878,伊江村,いえそん,47
M03879,美里村,みさとそん,47
M03882,勝連町,かつれんちょう,47
M03883,読谷村,よみたんそん,47
M03885,嘉手納町,かでなちょう,47
M03887,北谷町,ちゃたんちょう,47
M03888,北中城村,きたなかぐすくそん,47
M03889,中城村,なかぐすくそん,47
M03891,西原町,にしはらちょう,47
M03894,東風平町,こちんだちょう,47
M03895,具志頭村,ぐしかみそん,47
M03896,玉城村,たまぐすくそん,47
M03897,知念村,ちねんそん,47
M03899,佐敷町,さしきちょう,47
M03900,与那原町,よなばるちょう,47
M03901,大里村,おおざとそん,47
M03903,南風原町,はえばるちょう,47
M03904,仲里村,なかざとそん,47
M03905,具志川村,ぐしかわそん,47
M03906,渡嘉敷村,とかしきそん,47
M03907,座間味村,ざまみそん,47
M03908,粟国村,あぐにそん,47
M03909,渡名喜村,となきそん,47
M03910,南大東村,みなみだいとうそん,47
M03911,北大東村,きただいとうそん,47
M03912,伊平屋村,いへやそん,47
M03913,伊是名村,いぜなそん,47
M03914,久米島町,くめじまちょう,47
M03915,八重瀬町,やえせちょう,47
M03916,城辺町,ぐすくべちょう,47
M03917,下地町,しもじちょう,47
M03918,上野村,うえのそん,47
M03920,伊良部町,いらぶちょう,47
M03921,多良間村,たらまそん,47
M03922,竹富町,たけとみちょう,47
M03923,与那国町,よなぐにちょう,47
M03924,河内町,かわちまち,43
M03925,桜島町,さくらじまちょう,46
M03926,与那城町,よなしろちょう,47
